Frame Number,Track ID,Y,Distance Traveled,Speed,Direction
1,1,tensor(637.8794),tensor(570.7564),4.517322901267009,4.517322901267009,South
1,2,tensor(634.6793),tensor(569.7321),7.8773478833159105,3.360024982048902,West
1,3,tensor(631.1540),tensor(570.2329),11.438078698664398,3.560730815348487,West
1,4,tensor(628.1189),tensor(568.1457),15.121594290028007,3.683515591363608,West
1,5,tensor(625.7313),tensor(565.0596),19.023471579014494,3.9018772889864866,South
1,6,tensor(623.1974),tensor(562.5307),22.60341724280901,3.5799456637945135,West
1,7,tensor(621.1155),tensor(560.8905),25.253812402853296,2.650395160044288,West
1,8,tensor(619.6758),tensor(559.5967),27.189408191777947,1.935595788924652,West
1,9,tensor(618.3541),tensor(558.6552),28.812236255499204,1.6228280637212567,West
1,10,tensor(616.9547),tensor(558.6144),30.212242347985356,1.4000060924861528,West
1,11,tensor(615.4304),tensor(558.0187),31.848802243186782,1.6365598952014262,West
1,12,tensor(614.0258),tensor(556.2327),34.12101687100757,2.2722146278207864,South
1,13,tensor(612.5773),tensor(554.4843),36.39149280389973,2.270475932892163,South
1,14,tensor(611.7233),tensor(553.9218),37.41406811216058,1.0225753082608477,West
1,15,tensor(611.4332),tensor(549.4109),41.93431202874355,4.520243916582972,South
1,16,tensor(611.1567),tensor(546.8204),44.539533945557906,2.605221916814354,South
1,17,tensor(610.9874),tensor(543.7813),47.58331250887536,3.0437785633174506,South
1,18,tensor(611.3466),tensor(539.8473),51.53369730213328,3.9503847932579186,South
1,19,tensor(611.5991),tensor(534.8546),56.53281506438039,4.999117762247108,South
1,20,tensor(612.0635),tensor(530.6219),60.79082919129242,4.25801412691203,South
1,21,tensor(612.3536),tensor(529.8638),61.6025560400489,0.811726848756483,South
1,22,tensor(612.3058),tensor(529.1319),62.33605215980243,0.7334961197535277,South
1,23,tensor(612.4854),tensor(529.6526),62.88689364355466,0.5508414837522304,North
1,24,tensor(612.9039),tensor(530.0389),63.456394606590955,0.5695009630362982,East
1,25,tensor(613.7504),tensor(528.7903),64.96483635216245,1.5084417455715022,South
1,26,tensor(614.8857),tensor(528.5073),66.1349110932381,1.1700747410756565,East
1,27,tensor(616.0338),tensor(528.3411),67.29500142063493,1.160090327396836,East
1,28,tensor(617.2780),tensor(525.3033),70.57773940555181,3.2827379849168774,South
1,29,tensor(617.7410),tensor(526.2572),71.63808896050311,1.0603495549513031,North
1,30,tensor(619.3260),tensor(516.6949),81.33082981445187,9.692740853948765,South
1,31,tensor(620.0880),tensor(523.7583),88.43516399359878,7.104334179146906,North
1,32,tensor(619.8785),tensor(528.9940),93.67500943739066,5.239845443791857,North
1,33,tensor(620.3224),tensor(533.2278),97.93209734923441,4.257087911843759,North
1,34,tensor(622.2662),tensor(535.5297),100.94488903106941,3.0127916818349996,North
1,35,tensor(622.3146),tensor(533.8458),102.62942065214341,1.6845316210740076,South
1,36,tensor(621.0565),tensor(534.8704),104.25192053430989,1.6224998821664807,West
1,37,tensor(619.3351),tensor(532.4575),107.21599458304708,2.9640740487371913,South
1,38,tensor(630.1763),tensor(549.6015),127.5002460590336,20.28425147598652,North
1,39,tensor(625.1731),tensor(535.4032),142.55428782527179,15.05404176623819,South
1,40,tensor(624.1798),tensor(533.3287),144.85429078749115,2.3000029622193625,South
1,41,tensor(625.3428),tensor(534.5129),146.5140571296433,1.6597663421521576,North
1,42,tensor(627.4171),tensor(536.7620),149.57367651838402,3.059619388740727,North
1,43,tensor(629.2529),tensor(534.2905),152.6523960000632,3.078719481679169,South
1,44,tensor(634.5824),tensor(539.3972),160.0335124838558,7.381116483792603,East
1,45,tensor(638.4092),tensor(541.2493),164.28498840760673,4.2514759237509345,East
1,46,tensor(642.5848),tensor(541.2151),168.46072644005685,4.175738032450122,East
1,47,tensor(647.3090),tensor(542.0908),173.26533125035465,4.804604810297799,East
1,48,tensor(651.9161),tensor(543.4150),178.05902297280625,4.793691722451599,East
1,49,tensor(656.0372),tensor(543.5275),182.18165331459065,4.122630341784402,East
1,50,tensor(659.9943),tensor(542.8209),186.2012783632504,4.019625048659751,East
1,51,tensor(663.8325),tensor(547.0082),187.36421312959774,5.680257667614315,North
1,52,tensor(665.9962),tensor(551.5446),189.03012421685867,5.025936069309838,North
1,53,tensor(670.2544),tensor(553.9891),190.379411638406,4.910018236895808,East
1,54,tensor(674.6332),tensor(556.3185),191.65575199250745,4.9598559454650895,East
1,55,tensor(678.6675),tensor(557.5974),191.9860068012393,4.232132097718345,East
1,56,tensor(681.6123),tensor(559.5951),191.96456666310215,3.5585055256573606,East
1,57,tensor(685.8562),tensor(565.1323),196.2906257257415,6.976454222683642,North
1,58,tensor(691.3207),tensor(569.0866),201.1002528218628,6.745222885045967,East
1,59,tensor(695.8608),tensor(573.4065),205.74431533510676,6.266890576965179,East
1,60,tensor(700.5293),tensor(574.0178),209.0526224362223,4.708313193601672,East
1,61,tensor(706.1179),tensor(575.3883),213.17027250464358,5.754209963622739,East
1,62,tensor(713.4191),tensor(578.3126),218.76306777447817,7.8650098976553755,East
1,63,tensor(719.2034),tensor(578.7481),222.29332462610432,5.80073278451832,East
1,64,tensor(727.3243),tensor(578.9216),229.39351362012178,8.122764302278291,East
1,65,tensor(729.2268),tensor(580.9894),227.68306724453424,2.809797540995445,North
1,66,tensor(737.4950),tensor(579.2822),233.52043457172644,8.44258924400654,East
1,67,tensor(745.3661),tensor(578.3144),238.40702929014995,7.930373281740959,East
1,68,tensor(754.7925),tensor(573.0511),245.2529051986054,10.796260701713368,East
1,69,tensor(761.9062),tensor(579.0319),249.5476619660533,9.293874529694982,East
1,70,tensor(768.7802),tensor(590.2106),258.412632775694,13.122984936552816,North
1,71,tensor(776.2214),tensor(596.9069),267.61159096210116,10.010685035163595,East
1,72,tensor(782.8086),tensor(610.3197),281.8210979192036,14.943003076856057,North
1,73,tensor(786.7473),tensor(626.9127),298.32433961588634,17.054083180434848,North
1,74,tensor(792.0208),tensor(634.3569),306.8776232160705,9.122784563220486,North
1,75,tensor(796.7739),tensor(638.9085),311.9501744922429,6.580993021743903,East
1,76,tensor(802.6205),tensor(639.1880),316.6333334754068,5.853233724239618,East
1,77,tensor(806.3396),tensor(630.2388),325.16443756333393,9.691194415323919,South
1,78,tensor(811.2423),tensor(640.3595),333.1273411983677,11.245641619950627,North
1,79,tensor(814.6309),tensor(643.7054),336.8290954729429,4.762103829526516,East
1,80,tensor(816.8439),tensor(643.8723),329.35564973808584,2.21929511909175,East
1,81,tensor(816.9947),tensor(645.9811),324.36552742013595,2.1142118611969565,North
1,82,tensor(817.8835),tensor(629.5356),335.59524166676414,16.469559690420056,South
1,83,tensor(820.9030),tensor(622.2526),339.2222651442448,7.884111389324361,South
1,84,tensor(827.1603),tensor(627.5597),344.4143797655529,8.20490630314312,East
1,85,tensor(832.2489),tensor(632.7776),350.0181879333167,7.288339788837856,North
1,86,tensor(836.1250),tensor(636.7796),353.9670665115837,5.571378460433474,North
1,87,tensor(838.3702),tensor(638.1230),353.61943648661975,2.616444023773172,East
1,88,tensor(842.1675),tensor(643.1356),339.6237465907236,6.288561580090485,North
1,89,tensor(846.8523),tensor(651.6745),334.30928263368844,9.739577809203038,North
1,90,tensor(852.1067),tensor(658.8401),340.8949531639673,8.885673492498144,North
1,91,tensor(856.7513),tensor(662.3240),345.0412048944323,5.806018072617187,East
1,92,tensor(861.2196),tensor(665.7181),347.59279919790123,5.611213692209631,East
1,93,tensor(868.9755),tensor(668.4216),352.72761850120327,8.213538784981276,East
1,94,tensor(876.8062),tensor(669.5950),353.2646687436305,7.9181667262198205,East
1,95,tensor(883.8156),tensor(668.5221),356.1041650642966,7.090972244417054,East
1,96,tensor(889.5541),tensor(669.9197),357.83474673449444,5.906319702647924,East
1,97,tensor(894.3180),tensor(671.5626),358.0693462627729,5.039204338576282,East
1,98,tensor(899.7366),tensor(672.3971),358.7581123918619,5.482457851540566,East
1,99,tensor(903.1539),tensor(676.4327),359.92365424904943,5.288172198971904,North
1,100,tensor(908.4205),tensor(678.5159),361.56766552512266,5.663636324732982,East
1,101,tensor(913.9626),tensor(685.5311),364.82765561543204,8.940247757923709,North
1,102,tensor(921.5592),tensor(684.2007),367.513892220424,7.712172674301778,East
1,103,tensor(930.2007),tensor(682.0339),371.5129302906629,8.909056307134758,East
1,104,tensor(936.4611),tensor(707.1267),392.4149927185765,25.861918373378643,North
1,105,tensor(942.2703),tensor(716.0343),398.8173357518181,10.634475130959993,North
1,106,tensor(949.9434),tensor(719.2372),403.57356675046907,8.314736524308277,East
1,107,tensor(958.6357),tensor(720.),405.32290242432583,8.72578989654039,East
1,108,tensor(965.0273),tensor(720.),404.96928110177987,6.3916015625,East
1,109,tensor(970.8793),tensor(719.5013),404.5755267115123,5.873136186697669,East
1,110,tensor(975.7144),tensor(720.),404.72794254986053,4.860729031949855,East
1,111,tensor(979.0289),tensor(720.),402.2883077815503,3.3145751953125,East
1,112,tensor(981.3995),tensor(720.),396.7939033526449,2.37060546875,East
1,113,tensor(979.7006),tensor(720.),392.6921451775016,1.698974609375,West
1,114,tensor(980.9629),tensor(720.),385.83170997678576,1.2623291015625,East
1,115,tensor(985.1482),tensor(720.),387.20721517016534,4.185302734375,East
1,116,tensor(990.4237),tensor(720.),384.0401386214713,5.2755126953125,East
1,117,tensor(995.4946),tensor(720.),381.18062715613655,5.07086181640625,East
1,118,tensor(999.9468),tensor(720.),374.8365759270795,4.45220947265625,East
1,119,tensor(1004.7964),tensor(720.),370.39231077238446,4.849609375,East
1,120,tensor(1008.8522),tensor(720.),361.32511196864414,4.0557861328125,East
1,121,tensor(1012.6778),tensor(720.),355.1400494920743,3.82562255859375,East
1,122,tensor(1015.7812),tensor(720.),343.300501005062,3.10345458984375,East
1,123,tensor(1023.5955),tensor(720.),334.06068784415845,7.81427001953125,East
1,124,tensor(1030.8392),tensor(720.),332.18161665984417,7.24371337890625,East
1,125,tensor(1036.4470),tensor(719.9695),331.20849476174044,5.607871123640163,East
1,126,tensor(1042.9485),tensor(719.3939),331.8821528078444,6.526891770343592,East
1,127,tensor(1049.6721),tensor(719.8480),328.92990834235627,6.738949949835775,East
1,128,tensor(1056.2859),tensor(719.9667),324.2991004913804,6.614833768974713,East
1,129,tensor(1063.2517),tensor(720.),326.5028966894655,6.965900027611666,East
1,130,tensor(1069.7793),tensor(720.),330.8111894609988,6.527587890625,East
1,131,tensor(1075.1145),tensor(720.),334.0321826779268,5.335205078125,East
1,132,tensor(1079.1987),tensor(720.),321.64685150313176,4.084228515625,East
1,133,tensor(1084.3123),tensor(720.),318.87626550443235,5.113525390625,East
1,134,tensor(1089.4492),tensor(720.),315.8083220919143,5.136962890625,East
1,135,tensor(1094.7382),tensor(719.9969),313.80892361320724,5.288941310130861,East
1,136,tensor(1100.5857),tensor(720.),314.0850801287991,5.847534976025309,East
1,137,tensor(1108.7736),tensor(720.),319.65650231596345,8.1878662109375,East
1,138,tensor(1118.5742),tensor(720.),323.16859991556043,9.8006591796875,East
1,139,tensor(1125.4404),tensor(720.),320.2952330438574,6.8662109375,East
1,140,tensor(1131.6298),tensor(720.),317.5988906060468,6.1893310546875,East
1,141,tensor(1137.7112),tensor(719.9342),317.87464934980517,6.081776816375586,East
1,142,tensor(1143.4176),tensor(720.),317.9702358617708,5.706800204175317,East
1,143,tensor(1148.9982),tensor(719.3911),315.3703891579028,5.613692081113241,East
1,144,tensor(1153.5032),tensor(719.7175),311.96903728392357,4.516814852240566,East
1,145,tensor(1156.8596),tensor(719.5257),308.23998440388414,3.361919364377624,East
1,146,tensor(1160.8757),tensor(719.1202),306.3701991547001,4.036534453463887,East
1,147,tensor(1165.5358),tensor(719.4641),306.0037037239088,4.672708907784983,East
1,148,tensor(1171.2488),tensor(719.8613),306.2480508490128,5.7268049766446065,East
1,149,tensor(1177.3472),tensor(719.9100),307.05846133220393,6.098582682163006,East
1,150,tensor(1183.0275),tensor(719.9980),307.0758056151182,5.68098060764726,East
1,151,tensor(1188.2112),tensor(720.),303.31927404545706,5.183716188262563,East
1,152,tensor(1195.1125),tensor(719.3706),302.5371090574908,6.930007686335497,East
1,153,tensor(1200.6436),tensor(719.1077),299.16530504481136,5.537252294455279,East
1,154,tensor(1206.2692),tensor(719.6685),278.95687925485515,5.65349258342247,East
1,155,tensor(1211.5979),tensor(719.3809),273.65889481149804,5.336490687602894,East
1,156,tensor(1217.0037),tensor(718.8239),270.77854108334833,5.434382796158554,East
1,157,tensor(1221.8291),tensor(719.2073),266.8933998002559,4.840648613447956,East
1,158,tensor(1227.4880),tensor(718.9750),266.1654997414497,5.66370150369379,East
1,159,tensor(1230.3213),tensor(719.3910),263.1559951005572,2.8636315458052155,East
2,1,tensor(445.7247),tensor(555.9085),1.1784230827314783,1.1784230827314783,East
2,2,tensor(440.7481),tensor(554.8820),6.2598069500530125,5.081383867321534,West
2,3,tensor(434.2153),tensor(553.0626),13.041205480454398,6.781398530401384,West
2,4,tensor(430.5848),tensor(553.2327),16.67573966474849,3.6345341842940946,West
2,5,tensor(427.0698),tensor(552.9756),20.200077573060845,3.5243379083123525,West
2,6,tensor(423.2500),tensor(553.1872),24.025755232724524,3.825677659663678,West
2,7,tensor(419.3925),tensor(558.2474),30.388585008468922,6.3628297757444,North
2,8,tensor(416.3921),tensor(566.5143),39.18313602304193,8.794551014573011,North
2,9,tensor(412.6526),tensor(577.8970),51.16441867599047,11.981282652948538,North
2,10,tensor(408.8075),tensor(584.6469),58.932646003837974,7.768227327847506,North
2,11,tensor(406.2231),tensor(590.2283),65.0833858303676,6.1507398265296285,North
2,12,tensor(403.3130),tensor(592.5625),68.81391050782914,3.730524677461537,West
2,13,tensor(400.7529),tensor(594.1013),71.80088526518655,2.9869747573574164,West
2,14,tensor(398.9650),tensor(595.6850),74.18932332023917,2.388438055052612,West
2,15,tensor(396.3485),tensor(596.1287),76.84321753536558,2.6538942151264195,West
2,16,tensor(392.1758),tensor(596.5045),81.0327490095356,4.1895314741700105,West
2,17,tensor(387.4456),tensor(596.4167),85.76378781452641,4.731038804990803,West
2,18,tensor(381.5666),tensor(595.5276),91.70967545006906,5.945887635542648,West
2,19,tensor(377.5457),tensor(594.2807),95.91950281618355,4.209827366114496,West
2,20,tensor(372.4834),tensor(594.1736),100.98286003509853,5.063357218914971,West
2,21,tensor(369.5952),tensor(594.6656),103.91273061084628,2.9298705757477577,West
2,22,tensor(367.2660),tensor(595.2964),106.32584563485169,2.4131150240054042,West
2,23,tensor(365.1509),tensor(595.0925),108.45067398516858,2.1248283503168834,West
2,24,tensor(363.2895),tensor(593.5863),110.84516740390862,2.3944934187400704,West
2,25,tensor(360.3876),tensor(596.8612),115.22081385633153,4.375646452422919,North
2,26,tensor(358.7861),tensor(598.9266),117.83439506530573,2.613581208974197,North
2,27,tensor(356.0153),tensor(603.4340),123.12527176288226,5.290876697576534,North
2,28,tensor(355.2530),tensor(607.8192),127.57628338130606,4.451011618423794,North
2,29,tensor(353.7726),tensor(608.3799),129.1592476760075,1.582964294701443,West
2,30,tensor(345.3768),tensor(606.7901),137.70425117598387,8.545003499976351,West
2,31,tensor(344.0606),tensor(606.2836),139.11457623736763,1.4103250613837608,West
2,32,tensor(339.4433),tensor(607.1241),143.8077642117783,4.69318797441065,West
2,33,tensor(332.9314),tensor(606.8153),150.3270131238547,6.519248912076381,West
2,34,tensor(326.7957),tensor(606.8184),156.462634030651,6.135620906796314,West
2,35,tensor(320.4290),tensor(609.9149),163.5424045088913,7.079770478240313,West
2,36,tensor(314.2458),tensor(620.2514),175.5871081213607,12.044703612469402,North
2,37,tensor(309.9334),tensor(628.1272),184.56625001765926,8.979141896298565,North
2,38,tensor(306.6476),tensor(632.4573),190.0019623864733,5.435712368814039,North
2,39,tensor(303.8139),tensor(639.1893),197.3060358723925,7.304073485919184,North
2,40,tensor(301.3586),tensor(644.2004),202.8862870410337,5.580251168641233,North
2,41,tensor(300.4713),tensor(647.8361),206.62873544162764,3.7424484005939163,North
2,42,tensor(298.0180),tensor(649.5152),209.6016163223162,2.9728808806885745,West
2,43,tensor(295.6402),tensor(650.3801),212.131798307201,2.530181984884805,West
2,44,tensor(293.2213),tensor(652.0641),215.07915778009624,2.947359472895253,West
2,45,tensor(288.6224),tensor(654.5763),220.31952177393467,5.240363993838437,West
2,46,tensor(283.0465),tensor(656.6308),226.26185109454664,5.942329320611979,West
2,47,tensor(272.6818),tensor(655.7250),236.66603778332677,10.404186688780122,West
2,48,tensor(265.5621),tensor(660.5646),245.27490404708797,8.608866263761177,West
2,49,tensor(260.2436),tensor(695.3057),280.4206710055239,35.145766958435956,North
3,101,tensor(763.6559),tensor(113.4517),0.23019051779782201,0.23019051779782201,West
3,102,tensor(762.7684),tensor(114.0898),1.3232865079530827,1.0930959901552606,West
3,103,tensor(762.6694),tensor(114.6269),1.8694547912485064,0.5461682832954237,North
3,104,tensor(762.2351),tensor(114.9092),2.387447934895355,0.5179931436468482,West
3,105,tensor(760.7217),tensor(113.6380),4.363867301659486,1.9764193667641314,West
3,106,tensor(759.2960),tensor(116.5302),7.588427125946572,3.224559824287086,North
3,107,tensor(756.6457),tensor(119.0673),11.257303497269206,3.668876371322635,West
3,108,tensor(754.3690),tensor(123.9987),16.688897123942784,5.4315936266735765,North
3,109,tensor(752.6141),tensor(125.5648),19.04099852492896,2.352101400986175,West
3,110,tensor(751.5965),tensor(126.4692),20.40243955311991,1.3614410281909497,West
3,111,tensor(750.4475),tensor(126.9436),21.645506242843368,1.2430666897234586,West
3,112,tensor(749.5561),tensor(129.6945),24.537174161802955,2.8916679189595884,North
3,113,tensor(748.9304),tensor(133.2229),28.120614868237674,3.5834407064347196,North
3,114,tensor(748.9272),tensor(134.7597),29.657483379794694,1.5368685115570202,North
3,115,tensor(748.6324),tensor(135.5299),30.482176672147858,0.824693292353165,North
3,116,tensor(747.9130),tensor(137.4691),32.550482874449685,2.068306202301824,North
3,117,tensor(746.8956),tensor(139.0380),34.4204118673887,1.869928992939015,North
3,118,tensor(744.2736),tensor(136.5506),38.03464711437908,3.6142352469903782,West
3,119,tensor(743.0051),tensor(136.8762),39.344208626874874,1.3095615124957938,West
3,120,tensor(742.6223),tensor(138.2298),40.75096676673792,1.4067581398630438,North
3,121,tensor(742.3723),tensor(143.9563),46.48284383485848,5.7318770681205615,North
3,122,tensor(741.6803),tensor(148.2552),50.83713594249383,4.35429210763535,North
3,123,tensor(739.9637),tensor(152.6055),55.51379048582574,4.67665454333191,North
3,124,tensor(738.2625),tensor(155.5041),58.87481577015768,3.3610252843319413,North
3,125,tensor(736.0778),tensor(157.8973),62.11516948162661,3.240353711468924,North
3,126,tensor(734.0032),tensor(159.8421),64.95885663082257,2.843687149195959,West
3,127,tensor(732.6144),tensor(162.2672),67.75346053002681,2.7946038992042497,North
3,128,tensor(732.0076),tensor(166.0136),71.54870934199208,3.795248811965266,North
3,129,tensor(731.2701),tensor(168.7308),74.36414723647943,2.8154378944873444,North
3,130,tensor(730.2036),tensor(169.9133),75.95661188051128,1.5924646440318462,North
3,131,tensor(729.6202),tensor(170.5466),76.81761357727468,0.8610016967634048,North
3,132,tensor(728.7825),tensor(170.8764),77.71792153097446,0.9003079536997907,West
3,133,tensor(727.2124),tensor(170.5316),79.32548442836121,1.6075628973867477,West
3,134,tensor(727.3712),tensor(171.5415),80.34787368975982,1.0223892613986116,North
3,135,tensor(725.2572),tensor(173.6809),83.35549369717324,3.0076200074134274,North
3,136,tensor(723.2646),tensor(175.5906),86.11551089933893,2.7600172021656837,West
3,137,tensor(720.6827),tensor(176.9651),89.04042055062557,2.9249096512866397,West
3,138,tensor(718.1548),tensor(176.5433),91.60326474724033,2.5628441966147686,West
3,139,tensor(715.0916),tensor(175.9624),94.7211537416048,3.11788899436447,West
3,140,tensor(713.1312),tensor(176.2556),96.7032947998212,1.982141058216376,West
3,141,tensor(711.6383),tensor(181.8372),102.48110694193464,5.777812142113444,North
3,142,tensor(710.0214),tensor(182.6874),104.30794232546003,1.8268353835253979,West
3,143,tensor(708.4066),tensor(186.0691),108.05533886488122,3.747396539421183,North
3,144,tensor(706.2134),tensor(187.5890),110.72371844692408,2.6683795820428666,West
3,145,tensor(704.5002),tensor(190.3237),113.95072928850398,3.227010841579901,North
3,146,tensor(702.9616),tensor(189.5990),115.65151035309437,1.7007810645903922,West
3,147,tensor(701.1764),tensor(191.2075),118.05453664000851,2.4030262869141437,West
3,148,tensor(699.6145),tensor(192.4931),120.07746130477605,2.0229246647675354,West
3,149,tensor(697.8273),tensor(194.4759),122.7468403193021,2.6693790145260405,North
3,150,tensor(696.0877),tensor(197.9807),126.65958030647467,3.912739987172577,North
3,151,tensor(694.0150),tensor(201.1703),130.2333262183254,3.80393642964856,North
3,152,tensor(691.7173),tensor(201.5862),131.47524054342068,2.3350103152505315,West
3,153,tensor(694.3619),tensor(204.8032),135.0935444415001,4.164472181374811,North
3,154,tensor(692.1616),tensor(207.0105),137.69221553345756,3.116664235604354,North
3,155,tensor(687.2081),tensor(206.6658),140.68127128419056,4.9654751174971175,West
3,156,tensor(684.8109),tensor(208.2038),140.30488194265027,2.8481704827468155,West
3,157,tensor(682.0055),tensor(210.0574),139.9984977487961,3.3624921774684573,West
3,158,tensor(680.3560),tensor(210.9819),136.45785547378154,1.8909513516590348,West
3,159,tensor(677.8279),tensor(211.7678),136.7531660421314,2.6474119693360167,West
3,160,tensor(675.6206),tensor(212.2949),137.6610638269567,2.2693388130162546,West
3,161,tensor(673.7280),tensor(213.2357),138.53150610839137,2.113508971158116,West
3,162,tensor(670.6774),tensor(213.5259),138.7042698628008,3.064431673369018,West
3,163,tensor(668.7228),tensor(214.9644),137.5477316632826,2.4269025069165053,West
3,164,tensor(666.1249),tensor(217.6351),139.73664908398555,3.725785932259988,North
3,165,tensor(663.8253),tensor(217.4616),141.21804825529674,2.3060924636643674,West
3,166,tensor(661.5544),tensor(217.7636),141.44060555355742,2.2908635005624975,West
3,167,tensor(659.8915),tensor(218.7983),141.5292440547652,1.958567494146795,West
3,168,tensor(657.0808),tensor(221.9107),142.10866774643526,4.193658938660435,North
3,169,tensor(654.9541),tensor(224.6006),144.22823471605648,3.4291284821170085,North
3,170,tensor(650.4480),tensor(229.2177),149.27297557818315,6.451499001989693,North
3,171,tensor(647.1932),tensor(231.2973),147.40352673610704,3.862428226044482,West
3,172,tensor(645.2987),tensor(232.7357),145.4279133168242,2.378678688352532,West
3,173,tensor(643.6328),tensor(233.2770),142.50289030590457,1.751631532412228,West
3,174,tensor(641.6702),tensor(233.3441),141.10566108346782,1.9637960618952148,West
3,175,tensor(638.6165),tensor(234.0469),140.99882872472946,3.133521352730575,West
3,176,tensor(636.6143),tensor(234.2301),140.16570384269144,2.010562267157926,West
3,177,tensor(634.9565),tensor(236.3942),140.09715627728335,2.726056333796139,North
3,178,tensor(632.9177),tensor(239.5239),140.03713116274292,3.735223697424855,North
3,179,tensor(630.4598),tensor(241.7159),140.51507636880356,3.293383100547988,West
3,180,tensor(630.0439),tensor(242.9799),140.25330610839785,1.3306943836261267,North
3,181,tensor(627.1484),tensor(243.5502),142.34342579526967,2.951121383635218,West
3,182,tensor(624.5828),tensor(244.2163),144.09379475584757,2.6506769142777156,West
3,183,tensor(622.3040),tensor(247.5249),146.50370172423308,4.017469865772255,North
3,184,tensor(619.3506),tensor(251.7152),150.60775643727484,5.126443974440375,North
3,185,tensor(616.7598),tensor(252.3096),150.25826895789365,2.6581325280322203,West
3,186,tensor(614.4819),tensor(252.9311),149.8594724648974,2.361220709169472,West
3,187,tensor(612.5135),tensor(251.1999),149.55585895615954,2.621296142548738,West
3,188,tensor(610.9924),tensor(251.6374),148.5757950247216,1.5827802651768412,West
3,189,tensor(607.7527),tensor(252.6862),148.86316712900668,3.4052610986495346,West
3,190,tensor(605.8499),tensor(253.4660),148.93741157576653,2.0563855049762285,West
3,191,tensor(603.0464),tensor(255.0583),146.38371851956634,3.2241190859132507,West
3,192,tensor(599.5193),tensor(256.3597),148.31639013796507,3.7595070019241206,West
3,193,tensor(596.3351),tensor(257.8102),148.06805169992404,3.499058101380142,West
3,194,tensor(593.5026),tensor(259.5481),148.72283055025392,3.3231584323728063,West
3,195,tensor(590.0591),tensor(261.2648),149.34352713300586,3.8477074243318095,West
3,196,tensor(587.6068),tensor(262.7778),150.52423627613683,2.8814902077213422,West
3,197,tensor(586.5030),tensor(263.7792),149.61154810862809,1.4903381194054135,West
3,198,tensor(585.2274),tensor(264.5789),149.09420809879956,1.505584654939008,West
3,199,tensor(583.2107),tensor(264.9364),148.4729364749628,2.0481073906892764,West
3,200,tensor(581.4302),tensor(265.4278),146.40722751084013,1.8470310230499436,West
3,201,tensor(577.1674),tensor(266.7345),147.06192788287035,4.458636801678753,West
3,202,tensor(571.1135),tensor(267.8685),150.88611667189528,6.159199104275452,West
3,203,tensor(564.9044),tensor(268.3104),152.94639040852005,6.224745917999611,West
3,204,tensor(561.3989),tensor(270.2617),153.84172685621127,4.012000683295593,West
3,205,tensor(558.1913),tensor(271.1726),152.21073730815587,3.3344855694416733,West
3,206,tensor(556.3536),tensor(273.6146),152.41878425250994,3.056217427100867,North
3,207,tensor(554.4097),tensor(275.7113),151.91546095996236,2.859168884920906,North
3,208,tensor(551.1931),tensor(278.4889),154.27438361854234,4.2498740102390204,West
3,209,tensor(548.7281),tensor(281.0913),155.21145050128112,3.5844788520748008,North
3,210,tensor(544.9904),tensor(285.3617),158.6172584409326,5.675146752667742,North
3,211,tensor(544.7086),tensor(287.2824),158.44501808741134,1.9412686176368326,North
3,212,tensor(542.6809),tensor(289.5561),158.4270757238902,3.0464893098478902,North
3,213,tensor(541.5872),tensor(290.7279),157.60316419577708,1.6029909788033743,North
3,214,tensor(539.5992),tensor(290.8691),155.8702998350155,1.9929215714983952,West
3,215,tensor(535.7244),tensor(290.6150),157.44740713064007,3.883199759288957,West
3,216,tensor(531.1683),tensor(287.1490),160.8810855330355,5.724541902957928,West
3,217,tensor(527.8636),tensor(289.3604),162.89885158687568,3.976333547986971,West
3,218,tensor(525.6893),tensor(287.8596),161.3472024970249,2.6420098488096735,West
3,219,tensor(519.3241),tensor(287.7731),164.28389551258508,6.365821497677161,West
3,220,tensor(516.9327),tensor(290.1755),161.222064018231,3.389667507635625,North
3,221,tensor(516.7670),tensor(291.8474),159.03980017060144,1.6801643784149098,North
3,222,tensor(516.6511),tensor(293.4030),158.22097111927516,1.5598496370262733,North
3,223,tensor(515.3961),tensor(295.0693),158.55541575190193,2.086076165039017,North
3,224,tensor(514.0455),tensor(296.7163),158.72153446915883,2.129914779152094,North
3,225,tensor(512.5902),tensor(298.6981),158.04678106222013,2.458767945791865,North
3,226,tensor(511.0687),tensor(301.8377),159.52504721737316,3.4888284223109505,North
3,227,tensor(508.9487),tensor(306.3194),161.7568309821827,4.957840098605687,North
3,228,tensor(505.3148),tensor(308.6683),162.34851777763265,4.326910492874786,West
3,229,tensor(498.7999),tensor(305.8940),166.13621611167252,7.081081434587881,West
3,230,tensor(490.4966),tensor(306.4130),173.1249477134531,8.319425985406687,West
3,231,tensor(484.5642),tensor(305.4520),176.18358786156386,6.009761531745997,West
3,232,tensor(480.2900),tensor(306.3242),177.8951574832158,4.362246535929629,West
3,233,tensor(476.1706),tensor(305.3118),178.11968925072165,4.2420016332781385,West
3,234,tensor(477.9630),tensor(309.4249),177.47989386727346,4.486648590992197,North
3,235,tensor(479.3331),tensor(310.7985),176.76190433883875,1.9401429995975028,North
3,236,tensor(472.1240),tensor(318.5117),184.95836354530584,10.557679915636566,North
3,237,tensor(469.1243),tensor(322.1778),187.07404517383165,4.736977771074549,North
3,238,tensor(467.5346),tensor(323.3372),187.45881829894208,1.9675533902872497,West
3,239,tensor(467.6677),tensor(326.0213),186.7409656628064,2.687408462513844,North
3,240,tensor(465.8746),tensor(325.3559),186.59708620388398,1.9125060460538135,West
3,241,tensor(463.7886),tensor(329.6020),188.10379178418518,4.730824666214453,North
3,242,tensor(460.3838),tensor(331.2510),188.12742304405052,3.7831382617894453,West
3,243,tensor(457.1099),tensor(331.5129),187.9127544715171,3.2843895288467273,West
3,244,tensor(454.9218),tensor(330.5598),186.97622694413377,2.3866309049894703,West
3,245,tensor(451.0897),tensor(331.3799),187.04738970210298,3.9188701823010472,West
3,246,tensor(447.3080),tensor(332.0383),188.00454083091898,3.838641336537338,West
3,247,tensor(445.2744),tensor(332.3982),188.5793835090647,2.06518079755115,West
3,248,tensor(441.8337),tensor(333.5888),190.71467858536118,3.640879731235463,West
3,249,tensor(437.2602),tensor(336.0846),193.87669913386696,5.210127939195088,West
3,250,tensor(433.5847),tensor(338.9545),196.69295770566353,4.6632895948465105,West
3,251,tensor(435.2033),tensor(339.8804),194.0990247821229,1.864703878138114,East
3,252,tensor(430.6404),tensor(342.0341),192.98545667865747,5.045631000809998,West
3,253,tensor(426.4031),tensor(345.1298),192.00840055011713,5.247689789459267,West
3,254,tensor(424.8642),tensor(345.9982),189.763394638095,1.7669947712734841,West
3,255,tensor(420.3124),tensor(348.7924),191.76995017189856,5.341041103245213,West
3,271,tensor(380.6327),tensor(504.8430),349.73005128095394,161.01631853615623,North
3,272,tensor(379.7219),tensor(517.3334),359.39446336269884,12.523580966665811,North
3,273,tensor(377.9713),tensor(522.2159),360.3315065859394,5.186917233479599,North
3,274,tensor(375.4317),tensor(524.3802),360.0837307801097,3.336703046245058,West
3,275,tensor(369.6646),tensor(483.8917),395.3057723607879,40.89718833334597,South
3,276,tensor(364.1768),tensor(484.9666),398.95657495817306,5.592071215021961,West
3,277,tensor(360.2190),tensor(468.7230),412.6288892372992,16.718803588974044,South
3,278,tensor(356.1558),tensor(459.5953),421.01705129215566,9.991153033659863,South
3,279,tensor(350.6942),tensor(460.1636),424.5152800527783,5.491150332121001,West
3,280,tensor(346.3710),tensor(448.1735),433.37777322698645,12.745692933497136,South
3,281,tensor(342.1042),tensor(454.3813),435.1859862681715,7.532754944142987,North
3,282,tensor(339.2094),tensor(433.1250),452.66219218778923,21.452539467604716,South
3,283,tensor(336.6809),tensor(422.1649),461.26819453339976,11.248012194420218,South
4,102,tensor(735.4344),tensor(96.4047),2.0662127451645813,2.0662127451645813,North
4,103,tensor(735.4579),tensor(98.7857),4.4473248007698505,2.3811120556052696,North
4,104,tensor(734.9075),tensor(101.1304),6.855714635713467,2.4083898349436166,North
4,105,tensor(733.4981),tensor(107.6180),13.494696347895989,6.638981712182522,North
4,106,tensor(731.4965),tensor(112.1448),18.444267555278167,4.949571207382179,North
4,107,tensor(730.6525),tensor(113.6013),20.12765671981897,1.6833891645408037,North
4,108,tensor(729.9833),tensor(113.8387),20.83770706947817,0.710050349659201,West
4,109,tensor(729.6191),tensor(114.4272),21.52976613713762,0.6920590676594482,North
4,110,tensor(729.2642),tensor(115.5512),22.708474400869974,1.1787082637323554,North
4,111,tensor(727.7889),tensor(114.8559),24.339388552564436,1.6309141516944612,West
4,112,tensor(726.3066),tensor(113.3728),26.436292136858512,2.0969035842940738,South
4,113,tensor(724.4037),tensor(111.7299),28.95030282021942,2.514010683360909,West
4,114,tensor(723.1581),tensor(114.0933),31.621817720852228,2.671514900632809,North
4,115,tensor(722.1411),tensor(114.4687),32.70587780015563,1.0840600793034036,West
4,116,tensor(721.2032),tensor(116.7510),35.17339449914664,2.4675166989910062,North
4,117,tensor(720.0404),tensor(117.9943),36.875706632350855,1.7023121332042215,North
4,118,tensor(718.4688),tensor(121.3146),40.54921676903336,3.673510136682503,North
4,119,tensor(715.3280),tensor(127.3285),47.33381960560295,6.784602836569592,North
4,120,tensor(711.1595),tensor(130.4302),52.52966985579514,5.195850250192192,West
4,121,tensor(709.3340),tensor(131.5996),54.697642885297014,2.1679730295018755,West
4,122,tensor(708.2209),tensor(135.6095),58.85918323162828,4.161540346331267,North
4,123,tensor(705.7756),tensor(136.8548),61.60329948861406,2.744116256985785,West
4,124,tensor(703.5201),tensor(138.3888),64.33102538310358,2.727725894489514,West
4,125,tensor(701.1581),tensor(139.6269),66.99791357180595,2.6668881887023637,West
4,126,tensor(699.8315),tensor(139.1871),68.39547258203788,1.3975590102319269,West
4,127,tensor(698.7792),tensor(139.9515),69.69619776308495,1.3007251810470675,West
4,128,tensor(697.4879),tensor(139.7722),70.9998537195655,1.303655956480538,West
4,129,tensor(696.1024),tensor(140.5156),72.5721888961684,1.5723351766029068,West
4,130,tensor(694.2620),tensor(140.0722),74.46530615616614,1.893117259997744,West
4,131,tensor(692.5997),tensor(145.7121),80.34511235476614,5.879806198600001,North
4,132,tensor(689.7357),tensor(151.5640),86.86024375565216,6.515131400886017,North
4,133,tensor(688.4990),tensor(151.0038),88.21793740096973,1.3576936453175679,West
4,134,tensor(687.1027),tensor(151.5777),89.72750473258367,1.5095673316139406,West
4,135,tensor(685.5542),tensor(152.3207),91.44503824114227,1.7175335085586065,West
4,136,tensor(683.8652),tensor(153.2328),93.36458430742671,1.9195460662844441,West
4,137,tensor(681.6259),tensor(157.0234),97.76715701496772,4.402572707541006,North
4,138,tensor(680.7604),tensor(159.1652),100.0772503037779,2.3100932888101733,North
4,139,tensor(679.0155),tensor(161.2418),102.78958923667237,2.712338932894468,North
4,140,tensor(678.1743),tensor(164.3092),105.97034229975844,3.1807530630860668,North
4,141,tensor(676.7430),tensor(166.4080),108.51065878461588,2.5403164848574455,North
4,142,tensor(675.9390),tensor(165.8420),109.49396421328156,0.9833054286656775,West
4,143,tensor(674.3440),tensor(167.6490),111.90420494703764,2.4102407337560767,North
4,144,tensor(672.2960),tensor(168.4408),114.09989090099954,2.195685953961896,West
4,145,tensor(670.3030),tensor(169.3972),116.3105438600759,2.210652959076352,West
4,146,tensor(668.7450),tensor(169.8767),117.94063009428407,1.630086234208177,West
4,147,tensor(667.6031),tensor(170.7715),119.39136293166905,1.4507328373849757,West
4,148,tensor(665.6505),tensor(174.3592),123.47603724866177,4.084674316992715,North
4,149,tensor(663.8553),tensor(177.6864),127.25659583539137,3.780558586729612,North
4,150,tensor(662.4595),tensor(177.5120),128.66332339446762,1.4067275590762731,West
4,151,tensor(660.3333),tensor(178.9249),131.21615249595374,2.552829101486104,West
4,152,tensor(657.8284),tensor(183.1110),134.02826884260227,4.878329091813124,North
4,153,tensor(656.1477),tensor(184.1743),133.63595592624245,1.9887991392454343,West
4,154,tensor(655.2034),tensor(182.5700),133.0891592353953,1.8615931440964857,South
4,155,tensor(653.0589),tensor(183.9873),129.02067184650272,2.5704943232899393,West
4,156,tensor(650.9831),tensor(186.4082),127.26008864786554,3.1889880087450204,North
4,157,tensor(649.0314),tensor(188.4630),128.41069325312674,2.8339937698019906,North
4,158,tensor(647.4005),tensor(189.6291),129.70546965981717,2.0048267563496087,West
4,159,tensor(645.0845),tensor(190.9055),131.6578513095607,2.6444407174029854,West
4,160,tensor(642.9258),tensor(190.4344),132.68870443948077,2.2095613936524376,West
4,161,tensor(640.6964),tensor(190.7866),133.31481245898212,2.2570221711957723,West
4,162,tensor(638.6315),tensor(192.5951),133.96286308048195,2.7449542057939387,West
4,163,tensor(636.9301),tensor(198.1374),137.24636910473075,5.79751670760971,North
4,164,tensor(635.4816),tensor(202.6931),139.3553046038674,4.780450399769468,North
4,165,tensor(633.5809),tensor(207.1969),143.15965725467981,4.888412730115794,North
4,166,tensor(631.6561),tensor(208.9584),143.301321874495,2.609181318806203,West
4,167,tensor(632.4302),tensor(210.9070),143.69570734958495,2.0966976082941655,North
4,168,tensor(630.7977),tensor(212.5355),142.3280752945146,2.305878081612168,West
4,169,tensor(628.4434),tensor(211.6116),138.07257159281284,2.5290991348677987,West
4,170,tensor(625.9475),tensor(210.7959),135.50254853012504,2.6258271875044046,West
4,171,tensor(624.5370),tensor(211.0018),134.76005371526847,1.4254782146453304,West
4,172,tensor(621.8379),tensor(211.2067),133.30537591722606,2.7068625482888486,West
4,173,tensor(620.6107),tensor(212.3851),132.26263124574862,1.7013715855083216,West
4,174,tensor(620.7041),tensor(212.9493),130.10677517215387,0.5718698208947641,North
4,175,tensor(616.6816),tensor(205.4456),135.95372078727988,8.513833803828387,South
4,176,tensor(613.6705),tensor(208.4690),138.82319576277058,4.2670339857226285,North
4,177,tensor(610.4296),tensor(210.3446),141.26702202242976,3.7445514407062235,West
4,178,tensor(604.6404),tensor(215.0050),147.39529499156706,7.4319289256178305,West
4,179,tensor(600.7883),tensor(219.2523),151.55691013522772,5.733950320263615,North
4,180,tensor(598.2142),tensor(219.2826),152.2381284202335,2.5743355450035064,West
4,181,tensor(593.1589),tensor(223.6761),153.05594909561907,6.697626873985593,West
4,182,tensor(592.3511),tensor(225.0522),148.13656164109705,1.5957439463639738,North
4,183,tensor(591.6902),tensor(217.6439),154.21664917593958,7.437781180160106,South
4,184,tensor(591.4886),tensor(219.0932),154.17030756025122,1.4632257159255702,North
4,185,tensor(589.8607),tensor(224.2964),157.9047147610519,5.451940709359282,North
4,186,tensor(592.5922),tensor(227.4243),160.13789870216038,4.152730007392929,North
4,187,tensor(593.1767),tensor(214.0162),169.15615780147297,13.420831806853583,South
4,188,tensor(594.1458),tensor(193.3648),187.52021638327724,20.674151870614462,South
4,189,tensor(597.0913),tensor(177.1339),201.3038857178135,16.496008267430703,South
4,190,tensor(602.2427),tensor(158.2474),217.69953444542986,19.57640179070245,South
4,191,tensor(605.5618),tensor(148.5163),225.4408113072257,10.28159334665328,South
4,192,tensor(607.7223),tensor(145.3520),228.28903263083205,3.831526752272078,South
4,193,tensor(610.0317),tensor(143.8587),228.6289571805726,2.7501652834965493,East
4,194,tensor(611.5009),tensor(151.4937),234.2082904482799,7.77501922166923,North
4,195,tensor(612.7638),tensor(153.9697),234.77714361596136,2.7795061267578043,North
4,196,tensor(614.8692),tensor(135.5104),251.72610281027778,18.57904542852461,South
4,197,tensor(616.4817),tensor(117.4932),268.36451845578637,18.089148482893517,South
4,198,tensor(619.4211),tensor(112.5233),270.05394451135965,5.7741003725660835,South
4,199,tensor(620.2666),tensor(118.5059),272.31542040584645,6.042034481216393,North
4,200,tensor(621.0504),tensor(113.4302),276.04459115449407,5.13589830772387,South
4,201,tensor(622.4412),tensor(113.4751),274.8832964233474,1.3915343703394722,East
4,202,tensor(624.1542),tensor(115.7107),272.82138924903865,2.8164219175043828,North
4,203,tensor(625.6978),tensor(117.2872),273.03890925478385,2.206319144990582,North
4,204,tensor(627.0244),tensor(118.5102),272.98164235143287,1.804326240745544,East
4,205,tensor(627.5139),tensor(119.3437),271.37777874341555,0.9666307152726448,North
4,206,tensor(627.8682),tensor(120.3801),269.2841093250505,1.0953185903799312,North
4,207,tensor(627.6603),tensor(130.3949),276.4670892343432,10.016973679094674,North
4,208,tensor(628.2421),tensor(136.3419),280.4376982561909,5.975435778197322,North
4,209,tensor(628.2886),tensor(134.7202),279.41570467774613,1.6224471389581656,South
4,210,tensor(630.0809),tensor(137.8806),280.83937380526277,3.6332305211690845,North
4,211,tensor(632.2045),tensor(139.7954),281.44180105568597,2.859449421618968,East
4,212,tensor(632.9904),tensor(139.1237),279.73071673685143,1.0338698869594218,East
4,213,tensor(633.6543),tensor(137.6065),275.58932817852667,1.6561281492849325,South
4,214,tensor(635.1862),tensor(136.8769),272.50567479086254,1.6967970121053324,East
4,215,tensor(636.6675),tensor(135.9977),269.3398486181942,1.7225865574474455,East
4,216,tensor(638.0458),tensor(135.3965),268.23432506085965,1.503657761471658,East
4,217,tensor(639.2742),tensor(134.7658),267.51847566163974,1.3808482090742713,East
4,218,tensor(640.4764),tensor(133.9687),266.6550717300209,1.4424741499933322,East
4,219,tensor(641.3649),tensor(128.6030),269.5648087263643,5.43883613121116,South
4,220,tensor(641.7640),tensor(122.2940),273.26050339269136,6.321521853831531,South
4,221,tensor(643.2157),tensor(119.0299),275.4073717851894,3.5723466071433725,South
4,222,tensor(645.0298),tensor(117.6908),274.9553426046372,2.2548333677366696,East
4,223,tensor(647.0483),tensor(118.9488),275.63244833897437,2.3784773198453903,East
4,224,tensor(649.1945),tensor(122.5013),279.21097527183497,4.1503967537554205,North
4,225,tensor(650.1283),tensor(125.3625),273.7069498049143,3.0098083369076933,North
4,226,tensor(652.0560),tensor(123.8784),271.87279370626203,2.4328778870703798,East
4,227,tensor(654.2917),tensor(121.0184),271.75840494701794,3.6301626814620693,South
4,228,tensor(656.3116),tensor(119.1869),267.05307459325417,2.7265985718540904,East
4,229,tensor(658.4567),tensor(118.3792),263.61122528995656,2.29210101696604,East
4,230,tensor(659.8245),tensor(116.4448),263.40596727625746,2.36907753130435,South
4,231,tensor(661.5558),tensor(115.9950),258.49712899225096,1.7887885899791538,East
4,232,tensor(662.8059),tensor(116.2760),258.1826871901674,1.2813021442804642,East
4,233,tensor(663.6145),tensor(116.3560),251.55745004464686,0.8125440346394947,East
4,234,tensor(664.2592),tensor(116.3282),250.73947784535528,0.6452535166340012,East
4,235,tensor(665.7869),tensor(116.5968),246.83875060214524,1.5512134661492627,East
4,236,tensor(667.0544),tensor(117.1080),244.0527154272621,1.3666948325097683,East
4,237,tensor(667.7446),tensor(117.5654),231.45990377992098,0.8280201595124416,East
4,238,tensor(668.3063),tensor(116.4978),211.99206510888104,1.2063131995745333,South
4,239,tensor(670.1544),tensor(119.1262),198.70911425729503,3.213057415844731,North
4,240,tensor(672.3239),tensor(113.7322),184.94660261060068,5.813890144008105,South
4,241,tensor(674.2646),tensor(107.4639),181.22685595162469,6.561846687677272,South
4,242,tensor(676.1130),tensor(103.5144),181.7560219785386,4.360692779185977,South
4,243,tensor(677.7114),tensor(102.2582),181.03875627982575,2.032899584783718,East
4,244,tensor(678.3936),tensor(97.9891),177.58702393358723,4.323286875430711,South
5,104,tensor(338.2845),tensor(225.4160),3.9911819760128404,3.9911819760128404,East
5,105,tensor(344.5888),tensor(224.5194),10.35893788448793,6.36775590847509,East
5,106,tensor(348.8334),tensor(226.0849),14.88304972878878,4.524111844300852,East
5,107,tensor(351.9559),tensor(225.7946),18.0190099458408,3.135960217052018,East
5,108,tensor(359.4479),tensor(226.0860),25.516677871933204,7.4976679260924035,East
5,109,tensor(365.4384),tensor(225.2710),31.56231851743964,6.0456406455064355,East
5,110,tensor(373.2320),tensor(225.0696),39.35852997945216,7.7962114620125185,East
5,111,tensor(379.5305),tensor(224.9927),45.65752166294459,6.298991683492433,East
5,112,tensor(382.9758),tensor(225.7019),49.17506910727138,3.517547444326792,East
5,113,tensor(385.5930),tensor(226.3744),51.877265605290205,2.702196498018825,East
5,114,tensor(384.9371),tensor(221.2562),57.03732912228608,5.160063516995877,South
5,115,tensor(389.1882),tensor(221.7231),61.313996210895404,4.276667088609324,East
5,116,tensor(392.7855),tensor(222.7605),65.05783342908872,3.7438372181933133,East
5,117,tensor(396.8908),tensor(221.3716),69.39181792004781,4.333984490959103,East
5,118,tensor(400.8277),tensor(224.5532),74.45363460705612,5.061816687008304,East
5,119,tensor(406.6814),tensor(225.4207),80.37125460822627,5.917620001170135,East
5,120,tensor(408.2588),tensor(225.0136),82.00032309777761,1.6290684895513499,East
5,121,tensor(411.7235),tensor(226.2536),85.68029038754139,3.6799672897637787,East
5,122,tensor(414.6110),tensor(226.6104),88.58967017041647,2.9093797828750754,East
5,123,tensor(420.3409),tensor(226.3960),94.32360055858199,5.733930388165516,East
5,124,tensor(426.9297),tensor(227.6889),101.03806377829734,6.714463219715361,East
5,125,tensor(434.0988),tensor(227.4742),108.21040519973272,7.172341421435379,East
5,126,tensor(441.2651),tensor(228.3325),115.42787100045177,7.217465800719058,East
5,127,tensor(444.8648),tensor(227.6770),119.08675471599825,3.6588837155464606,East
5,128,tensor(443.2346),tensor(227.0345),120.83898799956671,1.7522332835684566,West
5,129,tensor(446.6265),tensor(227.3988),124.2503688295295,3.4113808299627997,East
5,130,tensor(448.0423),tensor(227.7425),125.70735586531566,1.4569870357861614,East
5,131,tensor(450.5745),tensor(227.9932),128.25192609527622,2.5445702299605633,East
5,132,tensor(454.2528),tensor(226.9874),132.06523294542674,3.8133068501505183,East
5,133,tensor(456.0991),tensor(222.7021),136.73140242624044,4.666169480813682,South
5,134,tensor(456.6643),tensor(217.9996),141.46772924175693,4.736326815516497,South
5,135,tensor(459.4159),tensor(218.1142),144.22170386208577,2.753974620328861,East
5,136,tensor(463.5145),tensor(204.0513),158.8697168500094,14.648012987923636,South
5,137,tensor(467.5876),tensor(193.7194),169.9755531851523,11.10583633514291,South
5,138,tensor(474.7917),tensor(205.1344),183.47379207540413,13.498238890251821,North
5,139,tensor(480.6103),tensor(217.1678),196.84014032405526,13.36634824865111,North
5,140,tensor(486.4272),tensor(221.7177),204.22506051300132,7.384920188946075,East
5,141,tensor(489.4377),tensor(222.4579),207.32525511615003,3.100194603148695,East
5,142,tensor(492.9407),tensor(222.4327),210.82830634719343,3.5030512310434045,East
5,143,tensor(496.1033),tensor(222.3669),213.99164842115252,3.1633420739590834,East
5,144,tensor(498.6933),tensor(223.4408),216.7954222654072,2.803773844254706,East
5,145,tensor(501.6179),tensor(223.4115),219.72012985562768,2.9247075902204704,East
5,146,tensor(505.2807),tensor(225.3251),223.8527402066859,4.132610351058216,East
5,147,tensor(508.2995),tensor(222.6219),227.90495486046183,4.052214653775943,East
5,148,tensor(511.5623),tensor(219.2564),232.5924731242828,4.68751826382099,South
5,149,tensor(513.3579),tensor(216.7888),235.64421408969804,3.051740965415229,South
5,150,tensor(516.0269),tensor(212.7696),240.4688593620093,4.824645272311268,South
5,151,tensor(518.7438),tensor(211.2465),243.58365610881168,3.114796746802351,East
5,152,tensor(520.4106),tensor(210.6937),245.3397413235526,1.7560852147409234,East
5,153,tensor(523.7908),tensor(209.4047),248.95735337282153,3.6176120492689217,East
5,154,tensor(528.9509),tensor(209.2061),250.1300275290513,5.163856132242562,East
5,155,tensor(533.1819),tensor(210.1462),248.0964882797726,4.334216659196408,East
5,156,tensor(537.6443),tensor(210.3253),248.0383717594204,4.465995323948634,East
5,157,tensor(541.4094),tensor(210.7757),248.69438566441426,3.7919741220458985,East
5,158,tensor(544.0992),tensor(209.4983),244.17442408980233,2.9777063514805007,East
5,159,tensor(545.3217),tensor(208.0207),240.04658638187752,1.917802937581632,South
5,160,tensor(546.4736),tensor(207.3229),233.5970862974721,1.3467113776071011,East
5,161,tensor(547.5527),tensor(205.8274),229.1422806282381,1.844186014258413,South
5,162,tensor(548.1738),tensor(203.8073),227.73818582325742,2.113452639346109,South
5,163,tensor(550.0687),tensor(202.6257),227.26905257261492,2.2330632473763616,East
5,164,tensor(552.8395),tensor(200.5955),225.54395355983988,3.4349645042208414,East
5,165,tensor(556.5759),tensor(199.4808),225.16642263321106,3.8991361619804983,East
5,166,tensor(560.7228),tensor(198.1610),225.77449034521027,4.351904930192512,East
5,167,tensor(563.3145),tensor(195.3214),225.2849548228274,3.8444489685762027,South
5,168,tensor(565.8564),tensor(196.5007),223.02536064750856,2.8022225116894712,East
5,169,tensor(567.3884),tensor(196.4426),218.64076591594846,1.5330252696100524,East
5,170,tensor(568.9343),tensor(196.7313),218.58439023538563,1.5726928089885173,East
5,171,tensor(570.3450),tensor(197.1259),216.3692714786881,1.4648485330662522,East
5,172,tensor(570.5275),tensor(198.8148),215.15864184929836,1.6987501534853524,North
5,173,tensor(571.6449),tensor(199.8495),210.94757653315182,1.5228650720189605,East
5,174,tensor(572.5872),tensor(199.3576),205.296110767903,1.0629974544665535,East
5,175,tensor(573.6281),tensor(199.1038),199.19508781207327,1.0713184656056707,East
5,176,tensor(575.0306),tensor(199.5283),193.44303209659137,1.4654100852371124,East
5,177,tensor(575.5742),tensor(198.4532),190.9888720604476,1.2047236794026626,South
5,178,tensor(578.0580),tensor(197.2966),191.9764950853994,2.739856308520308,East
5,179,tensor(582.1881),tensor(187.3904),199.2977711413741,10.732656885937503,South
5,180,tensor(588.1176),tensor(190.3558),204.47041042138991,6.629626315801966,East
5,181,tensor(590.6070),tensor(169.7779),222.65377122021295,20.72793102878357,South
6,109,tensor(390.8283),tensor(168.7008),0.8048197096017148,0.8048197096017148,East
6,110,tensor(395.2946),tensor(170.4044),5.584973831701434,4.780154122099719,East
6,111,tensor(398.2219),tensor(168.3170),9.180327316565771,3.595353484864337,East
6,112,tensor(400.2307),tensor(167.1932),11.482185223849713,2.301857907283942,East
6,113,tensor(402.0009),tensor(162.5394),16.461243135928825,4.979057912079114,South
6,114,tensor(404.6117),tensor(157.4315),22.197738564059254,5.7364954281304295,South
6,115,tensor(413.1506),tensor(155.1369),31.039565194261414,8.841826630202162,East
6,116,tensor(420.1488),tensor(154.5479),38.06253559367627,7.0229703994148585,East
6,117,tensor(423.9307),tensor(154.2093),41.85955465871159,3.797019065035318,East
6,118,tensor(423.2525),tensor(155.5280),43.34242392478721,1.4828692660756269,North
6,119,tensor(426.1739),tensor(155.5845),46.26435583523389,2.921931910446679,East
6,120,tensor(427.2429),tensor(155.0802),47.44633198822503,1.1819761529911388,East
6,121,tensor(428.6754),tensor(155.3337),48.901110768549366,1.4547787803243357,East
6,122,tensor(428.2824),tensor(155.4704),49.31721801231003,0.4161072437606664,West
6,123,tensor(428.2273),tensor(149.4563),55.33153915463602,6.014321142325986,South
6,124,tensor(430.7872),tensor(154.8687),61.318722793202085,5.987183638566053,North
6,140,tensor(468.1453),tensor(129.4864),106.48386694045148,45.16514414724939,East
6,141,tensor(469.5344),tensor(118.6577),117.40124404716178,10.917377106710303,South
6,142,tensor(470.8437),tensor(131.1063),129.91849799340451,12.517253946242734,North
6,143,tensor(473.1788),tensor(135.5003),134.89442327511952,4.975925281715,North
6,144,tensor(474.2402),tensor(126.6741),143.7842127414203,8.889789466300781,South
6,145,tensor(475.7083),tensor(138.2081),155.4113137363133,11.627100994893011,North
6,146,tensor(479.4585),tensor(154.7974),172.41923915901194,17.007925422698634,North
6,147,tensor(480.0737),tensor(155.8468),173.63561150418099,1.2163723451690382,North
6,148,tensor(481.3892),tensor(151.9981),177.7029441781755,4.067332673994519,South
6,149,tensor(482.2042),tensor(148.8647),180.94056508262952,3.237620904454014,South
6,150,tensor(482.8722),tensor(146.8378),183.07468060259322,2.1341155199636916,South
6,151,tensor(483.8048),tensor(146.5434),184.05264687178533,0.9779662691921143,East
6,152,tensor(484.7258),tensor(142.6443),188.05906567967273,4.006418807887406,South
6,153,tensor(486.6532),tensor(139.0160),192.16749303718225,4.108427357509519,South
6,154,tensor(487.5792),tensor(138.4719),193.24157649779372,1.0740834606114598,East
6,155,tensor(488.1697),tensor(136.2357),195.55445217312536,2.3128756753316435,South
6,156,tensor(489.2695),tensor(132.4775),199.47026184855451,3.9158096754291702,South
6,157,tensor(490.2462),tensor(132.8754),200.52492947363996,1.0546676250854505,East
6,158,tensor(490.8438),tensor(132.4113),201.28152738782322,0.7565979141832476,East
6,159,tensor(491.7160),tensor(131.5998),202.47291003415006,1.1913826463268555,East
6,160,tensor(492.8795),tensor(131.2949),203.6756649523707,1.2027549182206616,East
6,161,tensor(493.6513),tensor(130.8639),204.55970837813524,0.8840434257645287,East
6,162,tensor(494.4457),tensor(131.1684),205.41044922063963,0.8507408425044045,East
6,163,tensor(494.8906),tensor(131.7223),206.12086765175604,0.7104184311163619,North
6,164,tensor(495.8091),tensor(131.0321),207.26978783740057,1.1489201856445284,East
6,165,tensor(497.1560),tensor(129.2351),209.51549714315422,2.245709305753661,South
6,166,tensor(498.3488),tensor(127.7709),211.4041368120323,1.8886396688780784,South
6,167,tensor(499.9913),tensor(126.3045),213.60591933621816,2.20178252418585,East
6,168,tensor(501.1662),tensor(124.1199),216.08642236917666,2.480503032958509,South
6,169,tensor(502.4198),tensor(121.6133),218.88905463104504,2.8026322618683865,South
6,170,tensor(503.5861),tensor(120.7031),220.3684575711366,1.4794029400915325,East
6,171,tensor(505.1360),tensor(120.4102),221.94582995680196,1.577372385665392,East
6,172,tensor(506.3271),tensor(120.2178),223.15233010448722,1.2065001476852637,East
6,173,tensor(507.4742),tensor(120.0265),224.31523922085134,1.162909116364124,East
6,174,tensor(508.4756),tensor(119.9154),224.51802632189148,1.007606810641848,East
6,175,tensor(509.4853),tensor(119.1370),221.0127505408381,1.2748783410463458,East
6,176,tensor(510.3674),tensor(118.7980),218.3623765645286,0.9449795085548668,East
6,177,tensor(511.2747),tensor(117.8092),217.4025684355588,1.342049778314095,South
6,178,tensor(512.5309),tensor(116.9192),213.96306967395148,1.5395591504717616,East
6,179,tensor(513.6776),tensor(116.5760),209.4234225749441,1.1968483291230645,East
6,180,tensor(514.9044),tensor(116.8466),201.83793468328997,1.256338738548069,East
6,181,tensor(516.2370),tensor(117.1451),196.1805695735578,1.3656052896826625,East
6,182,tensor(517.4051),tensor(117.2047),193.5531608810159,1.1696103724934772,East
6,183,tensor(518.1732),tensor(116.5480),193.08087800566017,1.0105863907198767,East
6,184,tensor(519.5084),tensor(114.1183),192.93131741351914,2.7723713183056407,South
6,185,tensor(520.6669),tensor(115.5208),193.5683764565885,1.8190351960605218,North
6,186,tensor(522.3038),tensor(112.0818),195.92229683143992,3.808699155175742,South
6,187,tensor(525.1675),tensor(109.6476),199.26466721990363,3.7584776322243956,East
6,188,tensor(527.3547),tensor(107.0013),196.68349404989004,3.433147972312389,South
6,189,tensor(529.1144),tensor(105.4739),193.02643965987355,2.3301292485495626,East
6,190,tensor(531.0620),tensor(104.6277),149.9848394346449,2.1235439220207195,East
6,191,tensor(532.4951),tensor(105.2013),140.61105771135445,1.5435953834198386,East
6,192,tensor(533.7295),tensor(103.9112),129.8793652896267,1.7855615245149907,South
6,193,tensor(534.3118),tensor(102.4983),126.43156519045547,1.5281251825437847,South
6,194,tensor(534.8422),tensor(101.9330),118.31699810170832,0.7752223775536179,South
6,195,tensor(535.6835),tensor(101.6589),107.57472190320303,0.8848247963877219,East
6,196,tensor(536.7025),tensor(102.0888),91.6727349055804,1.105938425075995,East
6,197,tensor(537.4330),tensor(102.1328),91.1882788946556,0.7319163342442442,East
6,198,tensor(538.1694),tensor(102.9984),88.25739690661823,1.1364506859571273,North
6,199,tensor(539.1921),tensor(103.2839),86.08158374505616,1.0618077428919632,East
6,200,tensor(540.6697),tensor(103.5979),85.45800916589354,1.5105409408010833,East
7,124,tensor(356.2558),tensor(170.4434),1.1974552254889794,1.1974552254889794,East
7,125,tensor(358.0167),tensor(171.4917),3.246731047575479,2.0492758220864995,East
7,126,tensor(359.1612),tensor(173.0933),5.215271047319697,1.9685399997442181,North
7,127,tensor(361.1677),tensor(173.6262),7.2913640570359775,2.076093009716281,East
7,128,tensor(364.6196),tensor(174.5882),10.874799560345263,3.5834355033092855,East
7,129,tensor(366.1331),tensor(174.0636),12.476607941159672,1.6018083808144092,East
7,130,tensor(368.9553),tensor(174.9081),15.422450657224296,2.945842716064623,East
7,131,tensor(372.3364),tensor(175.4173),18.841724083457052,3.4192734262327553,East
7,132,tensor(375.2481),tensor(175.8152),21.780464576267647,2.938740492810597,East
7,133,tensor(375.3046),tensor(176.0277),22.000323780790282,0.21985920452263535,North
7,134,tensor(375.0778),tensor(176.6022),22.617978840196834,0.6176550594065525,North
7,135,tensor(376.8205),tensor(177.5835),24.618018056001542,2.00003921580471,East
7,136,tensor(378.8113),tensor(178.7437),26.922222747863554,2.304204691862011,East
7,137,tensor(381.7802),tensor(178.5549),29.897093703076557,2.974870955213005,East
7,138,tensor(383.2861),tensor(177.6470),31.655559906066898,1.7584662029903422,East
7,139,tensor(386.1129),tensor(178.0607),34.512447111236675,2.85688720516977,East
7,140,tensor(388.7623),tensor(178.5898),37.21417321912956,2.701726107892887,East
7,141,tensor(390.6179),tensor(180.5101),39.884483260935575,2.6703100418060113,North
7,142,tensor(390.8460),tensor(182.3875),41.77573638757914,1.8912531266435595,North
7,143,tensor(392.2331),tensor(183.4475),43.52148317960679,1.7457467920276508,East
7,144,tensor(393.5920),tensor(181.6990),45.73596919379549,2.2144860141886995,South
7,145,tensor(395.4119),tensor(181.8650),47.56346623099215,1.8274970371966603,East
7,146,tensor(396.8536),tensor(181.1022),49.19447807968096,1.631011848688813,East
7,147,tensor(398.8867),tensor(182.5265),51.6768762178032,2.482398138122238,East
7,148,tensor(401.2554),tensor(183.0525),54.103232952787934,2.426356734984738,East
7,149,tensor(402.8844),tensor(183.4282),55.77503082371259,1.6717978709246575,East
7,150,tensor(403.8871),tensor(183.7086),56.816142287339694,1.0411114636271066,East
7,151,tensor(407.4628),tensor(184.2475),60.43230615701659,3.6161638696768983,East
7,152,tensor(410.3593),tensor(184.5072),63.34034516346195,2.9080390064453536,East
7,153,tensor(411.7349),tensor(184.5430),64.7164834113844,1.3761382479224509,East
7,154,tensor(413.1557),tensor(184.6781),66.14366436871998,1.4271809573355838,East
7,155,tensor(414.6116),tensor(184.7201),67.60017324753022,1.4565088788102478,East
7,156,tensor(416.8338),tensor(185.3132),69.90018674464052,2.3000134971102932,East
7,157,tensor(418.6361),tensor(185.6827),71.7399520246545,1.8397652800139837,East
7,158,tensor(419.8231),tensor(184.0158),73.7863284042836,2.0463763796290975,South
7,159,tensor(421.5940),tensor(183.6156),75.60189475274795,1.815566348464355,East
7,160,tensor(423.8274),tensor(183.9911),77.86661759556766,2.2647228428197046,East
7,161,tensor(425.2474),tensor(183.7056),79.31505766629378,1.4484400707261154,East
7,162,tensor(426.9713),tensor(183.6311),81.04060306109493,1.7255453948011434,East
7,163,tensor(429.1198),tensor(183.9916),83.21905154773086,2.178448486635937,East
7,164,tensor(431.0150),tensor(184.8127),85.28450890473344,2.065457357002588,East
7,165,tensor(432.2355),tensor(185.2640),86.58574972675969,1.3012408220262512,East
7,166,tensor(432.9410),tensor(184.3070),87.77466932906265,1.1889196023029576,South
7,167,tensor(433.3984),tensor(181.0820),91.03198869980973,3.257319370747079,South
7,168,tensor(435.1807),tensor(184.2556),94.67180426908644,3.639815569276702,North
7,169,tensor(435.2548),tensor(185.5495),95.96776449532169,1.2959602262352556,North
7,170,tensor(435.7643),tensor(185.9708),96.62887769452115,0.6611131991994619,East
7,171,tensor(436.1815),tensor(186.0997),97.06551940175034,0.43664170722917744,East
7,172,tensor(438.3359),tensor(185.1839),99.40655535730413,2.341035955553794,East
7,173,tensor(439.3160),tensor(184.6246),100.53503390080155,1.1284785434974294,East
7,174,tensor(440.7223),tensor(182.8750),101.58227979312022,2.2447011178076544,South
7,175,tensor(441.1982),tensor(183.1143),100.06564100641008,0.5326370353763533,East
7,176,tensor(441.4009),tensor(183.3501),98.40810133912822,0.31100033246236075,North
7,177,tensor(440.0272),tensor(182.0374),98.23209029588278,1.9000819664708444,West
7,178,tensor(440.0715),tensor(181.3929),95.2945856727572,0.645930880183684,South
7,179,tensor(440.8299),tensor(180.6914),94.72586408916933,1.0330867972265632,East
7,180,tensor(442.9780),tensor(180.1791),93.98840394654195,2.20838257343724,East
7,181,tensor(445.5236),tensor(179.8126),93.14096969606763,2.571839175758426,East
7,182,tensor(447.9114),tensor(179.4833),92.61264415637628,2.41041495311924,East
7,183,tensor(451.1751),tensor(178.8586),95.71570501274462,3.3229200608909792,East
7,184,tensor(453.5160),tensor(178.7343),97.44223225794516,2.344182304607097,East
7,185,tensor(455.2369),tensor(178.8533),97.16719009563847,1.7249970534980184,East
7,186,tensor(456.3215),tensor(179.0654),95.96819836939451,1.1052129656180658,East
7,187,tensor(457.6251),tensor(178.9510),94.30192997354044,1.3086025593589214,East
7,188,tensor(458.5417),tensor(179.1810),93.48840415496907,0.9449403844189859,East
7,189,tensor(458.9305),tensor(178.5114),91.40579705652458,0.7742801067252575,South
7,190,tensor(459.6926),tensor(178.8357),89.53235446846003,0.828283519828342,East
7,191,tensor(460.4463),tensor(177.9254),88.04385954589944,1.1818151192454067,South
7,192,tensor(461.7861),tensor(176.8437),87.87461014215218,1.7220037228963079,East
7,193,tensor(462.8603),tensor(176.0625),87.4570466940767,1.3281833439521806,East
7,194,tensor(463.8431),tensor(175.6814),86.29671070927495,1.0541500293869424,East
7,195,tensor(464.3406),tensor(174.7950),85.4856543707297,1.0164406986514118,South
7,196,tensor(465.4815),tensor(173.9033),85.30262200535186,1.447979483310975,East
7,197,tensor(466.5341),tensor(173.0418),84.1804616580615,1.3602377908318808,East
7,198,tensor(467.6450),tensor(172.8610),82.87962253998008,1.1255176169033252,East
7,199,tensor(468.8154),tensor(172.8839),82.37842898526874,1.1706043162132962,East
7,200,tensor(469.8845),tensor(172.6197),82.43854265471931,1.1012251330776959,East
7,201,tensor(471.0361),tensor(172.6633),79.97487421302158,1.1524954279791584,East
7,202,tensor(472.0245),tensor(173.1779),78.18115077808449,1.1143155715082682,East
7,203,tensor(473.2863),tensor(173.3153),78.07430592773697,1.2692933975749274,East
7,204,tensor(474.3285),tensor(173.1778),77.69833130221755,1.0512063318161733,East
7,205,tensor(475.7314),tensor(173.1543),77.64488074269087,1.4030583192835546,East
7,206,tensor(476.6161),tensor(172.8813),76.27076724506362,0.9258999994830714,East
7,207,tensor(477.4307),tensor(171.8843),75.71850762334086,1.287505658291216,South
7,208,tensor(478.2446),tensor(170.0063),75.71890640577192,2.0467751620601504,South
7,209,tensor(478.5855),tensor(167.6856),76.2489253956093,2.3455853383017464,South
7,210,tensor(478.6097),tensor(166.7650),74.9051443556613,0.9209418028717046,South
7,211,tensor(478.9619),tensor(163.6849),76.55688782160483,3.1001835366696366,South
7,212,tensor(479.7437),tensor(160.5122),78.09896769378543,3.267625266981745,South
7,213,tensor(480.3829),tensor(160.2359),76.61687766104573,0.6963584538962396,East
7,214,tensor(481.5328),tensor(159.4523),75.94288935538614,1.3914690513429961,East
7,215,tensor(482.1544),tensor(158.9808),75.42188487395687,0.7802363405969699,East
7,216,tensor(482.7547),tensor(159.3478),74.9365563594407,0.7035910877867947,East
7,217,tensor(483.7126),tensor(160.0894),72.8907005492337,1.2114635605400679,East
7,218,tensor(484.5728),tensor(161.0427),70.53492848107324,1.284043501116241,North
7,219,tensor(485.4049),tensor(162.5165),70.9314150047515,1.6924467499135207,North
7,220,tensor(486.6320),tensor(163.0394),71.60414608674668,1.3338442811946563,East
7,221,tensor(488.1817),tensor(162.9869),72.71807570606714,1.550571326549618,East
7,222,tensor(489.5713),tensor(163.7716),71.97283803262226,1.595798282108926,East
7,223,tensor(491.5706),tensor(165.9370),73.7916098631962,2.9472503740713654,North
7,224,tensor(492.6631),tensor(166.3815),72.7263797778724,1.1794710324838487,East
7,225,tensor(493.7015),tensor(164.5302),74.31637772627931,2.1226349837832643,South
7,226,tensor(494.7715),tensor(158.5755),80.05545661231156,6.050079218494595,South
7,227,tensor(496.1360),tensor(152.5700),84.31399030358685,6.158615657746139,South
7,228,tensor(497.2911),tensor(147.2186),89.14266089641215,5.474601473008991,South
7,229,tensor(498.6892),tensor(145.1932),90.57065025517296,2.4610761559873904,South
7,230,tensor(499.2311),tensor(143.7022),89.94874923837708,1.5864815566413408,South
7,231,tensor(499.8255),tensor(142.5462),88.67672195316999,1.2998118905513436,South
7,232,tensor(500.5021),tensor(145.6191),89.4127629477986,3.146455947747858,North
7,233,tensor(500.9872),tensor(145.2623),86.69206396755885,0.602221080651219,East
7,234,tensor(501.8612),tensor(144.9909),85.26304611294714,0.9151644499953835,East
7,235,tensor(502.6207),tensor(144.9960),84.29749598941127,0.7594469299621459,East
7,236,tensor(503.1270),tensor(144.2085),84.12852388008986,0.9362408562966613,South
7,237,tensor(503.5379),tensor(142.9052),84.18645085226191,1.3665295315309929,South
7,238,tensor(503.8051),tensor(143.7483),84.12590212821625,0.8843916603733096,North
7,239,tensor(504.4598),tensor(144.1533),84.12140628398845,0.769784262497455,East
7,240,tensor(504.9807),tensor(143.8666),83.8876857468653,0.5945629827051846,East
7,241,tensor(505.4056),tensor(142.4880),84.14844455263776,1.4425739250178777,South
7,242,tensor(505.6675),tensor(139.6033),85.3230404261459,2.8965995964044238,South
7,243,tensor(506.0573),tensor(137.4437),86.18933085419611,2.1944737720024077,South
7,244,tensor(506.6260),tensor(137.1732),85.76492049153228,0.6297396667231064,East
7,245,tensor(507.0438),tensor(135.7345),86.24663505962985,1.4981552667489895,South
7,246,tensor(507.3164),tensor(132.5345),88.0102107531024,3.2115551767835173,South
7,247,tensor(507.5882),tensor(131.2025),88.00947953178654,1.3595065695160258,South
7,248,tensor(507.8347),tensor(131.7275),87.46398363308475,0.5800217182015303,North
7,249,tensor(508.4612),tensor(134.5336),89.16851706249723,2.8751377456257807,North
7,250,tensor(509.1176),tensor(134.1985),88.80424845243223,0.7369565230127143,East
7,251,tensor(510.8117),tensor(134.7450),89.43185760265068,1.7801045781975977,East
7,252,tensor(512.2921),tensor(134.9275),89.8091235893903,1.491581558247869,East
7,253,tensor(513.5370),tensor(133.7403),90.26005595724013,1.720225765424778,East
7,254,tensor(514.4937),tensor(132.8960),90.48483565631794,1.2759860308939763,East
7,255,tensor(515.2880),tensor(131.2694),90.89198856941587,1.8102112323814936,South
7,256,tensor(516.1498),tensor(130.9622),90.88094367197164,0.9148551020388254,East
7,257,tensor(517.0366),tensor(131.1824),90.50713345991612,0.9136954462357114,East
7,258,tensor(518.1913),tensor(131.4016),89.63575926020907,1.175400962353093,East
7,259,tensor(519.8524),tensor(130.5509),89.15632798797446,1.8661540660671343,East
7,260,tensor(521.2191),tensor(128.8400),90.42517706134029,2.189790876237531,South
7,261,tensor(522.3641),tensor(127.7442),88.90985826925385,1.5848647445832027,East
7,262,tensor(523.0706),tensor(125.4691),88.02447167500749,2.382238672735404,South
7,263,tensor(523.8022),tensor(123.7079),89.23523516346586,1.907121942354602,South
7,264,tensor(524.6138),tensor(125.7542),90.0450485583132,2.2012824461903198,North
7,265,tensor(525.0395),tensor(127.0158),90.59636662598444,1.3315544082682125,North
7,266,tensor(525.8527),tensor(125.8129),91.34485208863235,1.4520765504346957,South
7,267,tensor(526.9092),tensor(124.6450),91.7082140039732,1.5748254758809217,South
7,268,tensor(527.9894),tensor(122.6229),92.71666995138655,2.2924994485295906,South
7,269,tensor(529.4805),tensor(120.2897),93.79320573578252,2.768982534309494,South
7,270,tensor(530.4890),tensor(119.8271),93.56893261376096,1.1095711591731117,East
7,271,tensor(531.1288),tensor(119.2969),92.84927849363135,0.8309172064199879,East
7,272,tensor(531.8466),tensor(119.6513),92.05399264074026,0.8005124292178635,East
7,273,tensor(533.2536),tensor(120.0801),90.57765935046751,1.470917083798605,East
7,274,tensor(534.4869),tensor(120.1200),90.63211149282063,1.2339231748369395,East
7,275,tensor(535.9302),tensor(120.6592),90.05024689361134,1.5407703845739935,East
7,276,tensor(537.2968),tensor(120.4931),85.37679927423112,1.3766315991143832,East
7,277,tensor(539.0305),tensor(120.3034),80.96217459578571,1.7439909793007153,East
7,278,tensor(539.6550),tensor(119.2169),76.74074058193241,1.2531674591556972,South
7,279,tensor(539.9207),tensor(116.4776),77.03183923661683,2.7521748106718156,South
7,280,tensor(540.5874),tensor(115.6398),76.516068608577,1.0707109286014955,South
7,281,tensor(541.0387),tensor(114.9914),76.00628039898844,0.7900236809627745,South
7,282,tensor(541.7672),tensor(114.6277),73.67406712925431,0.8142426780137473,East
7,283,tensor(543.1266),tensor(114.4969),74.4374999550572,1.3656539064541082,East
7,284,tensor(544.1875),tensor(114.7119),74.60479899229955,1.0824634872377379,East
7,285,tensor(546.8546),tensor(115.7985),76.72534337887545,2.879991316538045,East
7,286,tensor(548.5466),tensor(116.5384),77.63582129896479,1.8467187763860113,East
7,287,tensor(548.8000),tensor(117.3197),77.09061522952737,0.8213234620935749,North
7,288,tensor(552.1129),tensor(118.8007),79.8350752939761,3.6288517248220247,East
7,289,tensor(553.8811),tensor(118.7849),80.83354996662732,1.768258935148683,East
7,290,tensor(556.6083),tensor(126.0505),87.99950692541783,7.760519941495704,North
8,135,tensor(748.2007),tensor(119.7853),0.8585147773741811,0.8585147773741811,West
8,136,tensor(748.4484),tensor(120.8994),1.9998549550808171,1.141340177706636,North
8,137,tensor(746.1273),tensor(120.4415),4.365687635231309,2.365832680150491,West
8,138,tensor(745.4887),tensor(121.1415),5.313215392749127,0.9475277575178183,North
8,139,tensor(743.5691),tensor(121.6798),7.306864608398785,1.9936492156496577,West
8,140,tensor(741.6547),tensor(122.8542),9.552794185243462,2.2459295768446768,West
8,141,tensor(738.9131),tensor(123.2121),12.317638988630303,2.764844803386842,West
8,142,tensor(737.0270),tensor(124.4279),14.561586610691593,2.243947622061289,West
8,143,tensor(734.0471),tensor(125.6283),17.774216845972234,3.2126302352806415,West
8,144,tensor(732.1863),tensor(127.0520),20.117139089518734,2.342922243546501,West
8,145,tensor(730.0455),tensor(135.4466),28.7804603706723,8.66332128115357,North
8,146,tensor(727.7650),tensor(140.0223),33.892986170386614,5.1125257997143105,North
8,147,tensor(726.9637),tensor(143.3050),37.27203140591277,3.379045235526156,North
8,148,tensor(727.6819),tensor(157.1813),51.16688682445068,13.894855418537906,North
8,149,tensor(725.3878),tensor(161.6743),56.21166235486428,5.044775530413602,North
8,150,tensor(722.0688),tensor(159.0302),60.45510026979761,4.243437914933331,West
8,151,tensor(720.5450),tensor(161.4157),63.28576299802349,2.8306627282258794,North
8,152,tensor(719.3085),tensor(160.7852),64.67378105148138,1.3880180534578892,West
8,153,tensor(716.2941),tensor(159.0507),68.15154631852039,3.477765267039008,West
8,154,tensor(705.6443),tensor(191.7383),102.53031529749651,34.37876897897612,North
8,155,tensor(699.7167),tensor(202.7559),115.04126856274354,12.510953265247025,North
8,156,tensor(695.8676),tensor(209.5318),122.83411624059286,7.792847677849324,North
8,157,tensor(693.3251),tensor(212.5583),126.78682879313003,3.952712552537166,North
8,158,tensor(695.8351),tensor(188.8958),150.58210282485862,23.795274031728624,South
8,160,tensor(700.0464),tensor(174.5477),165.5354521208188,14.953349295960184,South
8,161,tensor(701.1829),tensor(170.6941),169.5531139395175,4.017661818698688,South
8,162,tensor(701.1783),tensor(172.3040),171.16301407405842,1.6099001345409365,North
8,163,tensor(699.8823),tensor(171.2637),172.8248980349217,1.661883960863267,West
8,164,tensor(698.6497),tensor(168.9687),175.43003953902624,2.6051415041045485,South
8,165,tensor(697.0483),tensor(169.7470),177.21046975154908,1.780430212522857,West
8,166,tensor(695.8994),tensor(166.7967),180.37655458722793,3.1660848356788573,South
8,167,tensor(694.2556),tensor(166.2237),182.1173543639938,1.7407997767657997,West
8,168,tensor(691.8367),tensor(167.7286),184.96615646778037,2.848802103786556,West
8,169,tensor(688.8669),tensor(171.4552),189.7313567672279,4.765200299447539,North
8,170,tensor(686.2187),tensor(174.6239),193.8609449409357,4.129588173707774,North
8,171,tensor(684.9415),tensor(176.1465),195.84829348478578,1.9873485438501013,North
8,172,tensor(683.9517),tensor(178.5838),198.47887559020936,2.6305821054235645,North
8,173,tensor(682.8177),tensor(179.3820),199.86567308066265,1.386797490453296,West
8,174,tensor(681.5342),tensor(179.0962),201.18062544447156,1.3149523638089184,West
8,175,tensor(678.4484),tensor(176.8804),204.97951172578394,3.798886281312393,West
8,176,tensor(675.9031),tensor(179.0568),208.328464181643,3.348952455859072,West
8,177,tensor(675.0948),tensor(180.9790),210.4136801667544,2.0852159851114114,North
8,178,tensor(675.9990),tensor(182.2033),211.9356704988437,1.5219903320892982,North
8,179,tensor(676.9835),tensor(182.2618),212.9219615474054,0.9862910485616853,East
8,180,tensor(668.0321),tensor(181.5323),221.90305073595448,8.981089188549069,West
8,181,tensor(662.1419),tensor(183.4554),228.0992324614617,6.196181725507213,West
8,182,tensor(659.2270),tensor(185.2078),231.50037028190476,3.4011378204430653,West
8,183,tensor(657.0787),tensor(189.1391),235.98031620370838,4.479945921803664,North
8,184,tensor(656.2975),tensor(192.3861),239.3199756842468,3.339659480538402,North
8,185,tensor(653.8832),tensor(196.2210),243.8515752331997,4.53159954895289,North
8,186,tensor(651.6642),tensor(197.9869),245.82899983575211,2.835939379926589,West
8,187,tensor(650.2589),tensor(198.9901),246.4142607015926,1.7266010435471286,West
8,188,tensor(649.2085),tensor(199.0161),245.099163681209,1.050735659766933,West
8,189,tensor(647.0404),tensor(198.5935),246.36052748767187,2.2088915639806723,West
8,190,tensor(646.0475),tensor(200.8013),246.78767539402855,2.420797122006307,North
8,191,tensor(644.1775),tensor(201.9715),246.7477292275119,2.205983410328017,West
8,192,tensor(641.8002),tensor(202.9316),246.54671053188736,2.563826107762327,West
8,193,tensor(639.9353),tensor(203.5143),246.25660156705888,1.953838657232798,West
8,194,tensor(639.3954),tensor(203.6058),243.5915904280671,0.5476190962888449,West
8,195,tensor(636.5883),tensor(201.0139),245.06933771416462,3.8206695296440083,West
8,196,tensor(634.2068),tensor(202.5890),239.26131620022915,2.85529976721813,West
8,197,tensor(629.6258),tensor(206.1173),239.93102388292775,5.782233482412911,West
8,198,tensor(627.4270),tensor(209.3366),240.45048806469927,3.898509417297666,North
8,199,tensor(626.4413),tensor(210.0621),227.7795984703066,1.2239658241452793,West
8,200,tensor(625.1348),tensor(210.4794),224.10634650412732,1.3715235642342958,West
8,201,tensor(624.0754),tensor(212.5217),222.1636340049028,2.3007254157087886,North
8,202,tensor(622.4868),tensor(212.7587),220.9391777349198,1.6062064582429245,West
8,203,tensor(620.6998),tensor(214.9638),222.38940312962782,2.838243448165906,North
8,204,tensor(618.3985),tensor(216.7803),221.84348560903368,2.9318477464448502,West
8,205,tensor(615.4943),tensor(217.0929),190.3856708227366,2.92095419267907,West
8,206,tensor(611.3063),tensor(217.1315),182.06294465549033,4.188227098000728,West
8,207,tensor(607.7585),tensor(218.5389),178.0867841042852,3.8166871266441547,West
8,208,tensor(605.1340),tensor(218.8677),176.77915740491605,2.645085853168051,West
8,209,tensor(602.3408),tensor(218.6023),155.78961687562926,2.8057335024418615,West
8,210,tensor(598.4222),tensor(223.3902),147.02339006365875,6.187122483989664,North
8,211,tensor(595.1240),tensor(227.4615),148.24532333874518,5.239595093785111,North
8,212,tensor(591.3987),tensor(225.7779),150.7235728714972,4.088149667292967,West
8,213,tensor(588.8845),tensor(227.6045),152.1693800734079,3.107691162773926,West
8,214,tensor(586.7938),tensor(228.6183),151.8877631259059,2.3235245566025524,West
8,215,tensor(584.7900),tensor(233.3692),155.2635281566532,5.1561952432701625,North
8,216,tensor(582.4665),tensor(236.5229),156.01463856153924,3.917195240564881,North
8,217,tensor(579.9186),tensor(238.1855),157.31622100465697,3.0423822198835264,West
8,218,tensor(577.8929),tensor(240.0431),157.215884388753,2.7484654878826076,West
8,219,tensor(574.8708),tensor(240.8759),155.58540912391092,3.134725034605443,West
8,220,tensor(570.9267),tensor(241.6578),155.4767370746713,4.0209161244681715,West
8,221,tensor(567.7598),tensor(242.1250),156.69059053515454,3.201202004333366,West
8,222,tensor(564.5468),tensor(242.8870),157.36215232409114,3.3021438943601296,West
8,223,tensor(559.9179),tensor(242.8149),160.60476174091042,4.629406907272574,West
8,224,tensor(555.9728),tensor(239.0676),164.73095525599544,5.441145878893963,West
8,225,tensor(553.5374),tensor(238.7737),163.38517226805598,2.4531032933729615,West
8,226,tensor(551.3191),tensor(242.8524),164.67913297615613,4.642913163959182,North
8,227,tensor(549.1320),tensor(245.0232),165.67546801969974,3.081551028655006,West
8,228,tensor(547.2706),tensor(247.3736),167.151668983982,2.9981912963715587,North
8,229,tensor(545.3906),tensor(248.3823),168.29890079886565,2.133522863445364,West
8,230,tensor(543.1099),tensor(253.3300),164.7659020791161,5.4480904687994975,North
8,231,tensor(540.9957),tensor(254.4409),160.95801028075036,2.3882899271414635,West
8,232,tensor(539.3937),tensor(254.2212),159.17386482913096,1.6169923688236691,West
8,233,tensor(536.2808),tensor(253.7207),157.84675800764143,3.1528391003141754,West
8,234,tensor(531.6409),tensor(254.3276),159.18657706629023,4.6794785391871905,West
8,235,tensor(524.5101),tensor(254.3354),161.78578012016467,7.13080260282732,West
8,236,tensor(517.7943),tensor(255.1787),165.71839924745652,6.768558507218423,West
8,237,tensor(512.5023),tensor(255.8212),169.32259761470877,5.330799410799422,West
8,238,tensor(506.8685),tensor(259.7719),175.15281247494053,6.880950519998676,West
8,239,tensor(503.5969),tensor(261.9000),176.84675871233492,3.9028378013750498,West
8,240,tensor(502.6902),tensor(262.6394),175.5959344531552,1.169972862826576,West
8,241,tensor(500.6301),tensor(264.7896),176.36776039373095,2.9778093509037418,North
8,242,tensor(497.9136),tensor(269.1129),178.90982422861234,5.105889942643721,North
8,243,tensor(495.6113),tensor(263.0650),183.42726796131916,6.471282389939621,South
8,244,tensor(492.6227),tensor(265.6175),186.80996384412794,3.9303149790976692,West
8,245,tensor(490.3698),tensor(272.0915),189.84409960218457,6.854805287700633,North
8,246,tensor(487.7323),tensor(270.6545),189.99230839272786,3.003508557761435,West
8,247,tensor(483.2664),tensor(276.0677),191.22768968651843,7.0176147762034775,North
8,248,tensor(479.1404),tensor(275.1260),191.56126049102028,4.232080221799472,West
8,249,tensor(466.8583),tensor(277.1177),202.77983600585551,12.442541338980556,West
8,254,tensor(453.1381),tensor(282.4929),216.14394584119677,14.735633399575512,West
8,255,tensor(450.8604),tensor(283.6286),216.3882642321108,2.5450438066228456,West
8,256,tensor(449.7912),tensor(284.4431),216.12615669054532,1.3440989166774073,West
8,257,tensor(445.5533),tensor(283.9082),217.55947597897156,4.271562736592191,West
8,258,tensor(445.2225),tensor(284.5137),215.31762963733337,0.6900014048066213,North
8,259,tensor(442.6060),tensor(283.7128),215.13297443937768,2.736298994723403,West
9,182,tensor(739.8457),tensor(96.6172),1.4861736819679607,1.4861736819679607,North
9,183,tensor(740.2107),tensor(98.4814),3.3856902119867813,1.8995165300188208,North
9,184,tensor(740.3645),tensor(100.4810),5.391283879870509,2.005593667883728,North
9,185,tensor(741.0268),tensor(101.0989),6.29702750025244,0.905743620381931,East
9,186,tensor(741.3421),tensor(102.9661),8.190635451177112,1.893607950924672,North
9,187,tensor(741.3578),tensor(104.1007),9.32535691289249,1.1347214617153776,North
9,188,tensor(741.6227),tensor(104.7731),10.048133629343994,0.7227767164515034,North
9,189,tensor(742.2432),tensor(104.8143),10.669921869557008,0.6217882402130148,East
9,190,tensor(742.9673),tensor(105.3442),11.567175507639051,0.8972536380820437,East
9,191,tensor(743.5084),tensor(105.7623),12.251056886779345,0.683881379140294,East
9,192,tensor(743.9860),tensor(106.0219),12.794613005440025,0.5435561186606797,East
9,193,tensor(744.0651),tensor(106.5324),13.31123898273262,0.5166259772925942,North
9,194,tensor(744.4287),tensor(108.4174),15.230952491159156,1.9197135084265367,North
9,195,tensor(744.4740),tensor(110.2051),17.019306780079436,1.7883542889202788,North
9,196,tensor(744.6539),tensor(112.2276),19.049786300085003,2.0304795200055663,North
9,197,tensor(744.2322),tensor(113.8181),20.69521756614835,1.6454312660633459,North
9,198,tensor(743.8387),tensor(116.2749),23.183347407322724,2.4881298411743726,North
9,199,tensor(742.6030),tensor(117.8112),25.15497412155323,1.971626714230505,North
9,200,tensor(741.9988),tensor(120.4474),27.859436384508133,2.7044622629549004,North
9,201,tensor(742.0453),tensor(125.1654),32.577743622802906,4.718307238294774,North
9,202,tensor(741.7529),tensor(126.7372),34.17646098704358,1.5987173642406751,North
9,203,tensor(741.3135),tensor(127.8057),35.331796231773225,1.155335244729639,North
9,204,tensor(740.7533),tensor(126.8824),36.41177065482966,1.0799744230564337,South
9,205,tensor(740.4293),tensor(127.3347),36.96820279623353,0.5564321414038771,North
9,206,tensor(740.0789),tensor(126.3597),38.004290899229325,1.036088102995801,South
9,207,tensor(739.7021),tensor(126.1666),38.42759395204642,0.4233030528170975,West
9,208,tensor(739.3846),tensor(126.6180),38.97945956668574,0.5518656146393184,North
9,209,tensor(739.0659),tensor(127.4789),39.89747370893909,0.918014142253349,North
9,210,tensor(738.9904),tensor(129.2339),41.654086615689074,1.7566129067499856,North
9,211,tensor(738.7112),tensor(130.2338),42.69231184174954,1.0382252260604714,North
9,212,tensor(738.4540),tensor(130.6841),43.21082156272328,0.5185097209737408,North
9,213,tensor(738.0139),tensor(131.3382),43.99928086036361,0.7884592976403254,North
9,214,tensor(737.7838),tensor(133.5934),46.26618641179621,2.2669055514325978,North
9,215,tensor(737.1538),tensor(137.8820),50.60077337083035,4.33458695903414,North
9,216,tensor(737.1615),tensor(140.2682),52.98701623204537,2.3862428612150155,North
9,217,tensor(736.8461),tensor(140.9146),53.70622440183906,0.7192081697936867,North
9,218,tensor(736.5686),tensor(141.6829),54.52310161285737,0.8168772110183085,North
9,219,tensor(736.1033),tensor(142.1108),55.15529888297136,0.6321972701139883,West
9,220,tensor(735.3225),tensor(142.3241),55.964653146756106,0.8093542637847456,West
9,221,tensor(734.8048),tensor(141.5410),56.90336590148669,0.9387127547305839,South
9,222,tensor(734.8230),tensor(140.7402),57.70435368605723,0.8009877845705433,South
9,223,tensor(734.5593),tensor(142.2809),59.26739835857769,1.5630446725204572,North
9,224,tensor(734.4920),tensor(143.0405),60.030013817126665,0.762615458548982,North
9,225,tensor(734.5308),tensor(144.8754),61.86535479661229,1.8353409794856201,North
9,226,tensor(733.7166),tensor(145.9967),63.251115118675294,1.3857603220630101,North
9,227,tensor(732.7872),tensor(146.8736),64.52884926801585,1.2777341493405487,West
9,228,tensor(731.8158),tensor(146.7510),65.50800072058442,0.9791514525685729,West
9,229,tensor(731.3851),tensor(147.3660),66.25880248626626,0.7508017656818446,North
9,230,tensor(730.1605),tensor(147.9492),67.61522010699812,1.3564176207318654,West
9,231,tensor(729.3844),tensor(147.8391),68.39911892036469,0.7838988133665682,West
9,232,tensor(729.3562),tensor(147.6632),67.09110945291687,0.1781642145201376,South
9,233,tensor(727.9465),tensor(147.6586),66.60126847353668,1.4096755506386263,West
9,234,tensor(725.8779),tensor(149.4657),67.34249129722072,2.746816491567764,West
9,235,tensor(724.5219),tensor(150.9453),68.44375376078096,2.0070060839421853,North
9,236,tensor(723.3981),tensor(153.0441),68.9309096091637,2.380763799307418,North
9,237,tensor(722.8900),tensor(158.3732),73.14943785043086,5.3532497029825405,North
9,238,tensor(722.4713),tensor(160.0171),74.12305064418027,1.6963895102009043,North
9,239,tensor(722.1355),tensor(161.3414),74.86742767553638,1.366165271569131,North
9,269,tensor(684.1267),tensor(203.4101),130.66626739721227,56.69609335975791,North
9,270,tensor(682.9266),tensor(205.3551),132.26783062733847,2.2854446092665137,North
9,271,tensor(684.5505),tensor(207.9796),134.81053361556462,3.0862591068868124,North
9,272,tensor(680.5992),tensor(211.5272),139.6041547701311,5.310247131859098,West
9,273,tensor(677.1383),tensor(213.0927),141.48293707382334,3.7984958121187833,West
9,274,tensor(675.2433),tensor(214.8397),142.2719807940517,2.5773980091486175,West
9,275,tensor(674.3941),tensor(217.4385),142.97556657751062,2.7340653034645035,North
9,276,tensor(672.9030),tensor(219.2102),143.64575566125274,2.3156203498054415,North
9,277,tensor(671.4435),tensor(221.3065),143.71200103977702,2.5543752196986715,North
9,278,tensor(669.9841),tensor(222.7036),143.7607080492615,2.020333723714977,West
9,279,tensor(667.9706),tensor(224.7487),143.9262130987902,2.8699673124836194,North
9,280,tensor(666.2327),tensor(225.0094),140.9652001576909,1.7572942971954493,West
9,281,tensor(664.6401),tensor(224.3721),141.0818922251079,1.7154094316577022,West
9,282,tensor(662.9824),tensor(223.8687),141.65896738221895,1.7324104018406667,West
9,283,tensor(661.1627),tensor(224.1304),142.41740876736216,1.8384158081996527,West
9,284,tensor(658.4293),tensor(224.4686),144.61522323485866,2.754246608900391,West
9,285,tensor(656.2902),tensor(224.8671),145.75509076907613,2.17595563721326,West
9,286,tensor(654.0417),tensor(223.9963),147.74293560595908,2.4111478897000316,West
9,287,tensor(651.0987),tensor(225.7587),150.6214930195748,3.430423028255069,West
9,288,tensor(646.5602),tensor(226.8144),154.3631423950895,4.659663517768059,West
9,289,tensor(642.7425),tensor(227.5825),156.50072835122907,3.8941988628895525,West
9,290,tensor(640.0458),tensor(228.5961),158.3434260184209,2.8809228932522783,West
9,291,tensor(638.3794),tensor(229.2997),159.63374385376054,1.808827556313367,West
9,292,tensor(636.9818),tensor(231.3658),161.33970593558826,2.4944213794680565,North
9,293,tensor(635.3601),tensor(232.9830),161.36305560051466,2.2902552163589958,West
9,294,tensor(633.9640),tensor(233.6663),158.58282006622446,1.554351424743942,West
9,295,tensor(632.1324),tensor(234.3495),158.15140443945015,1.9548272344406714,West
9,296,tensor(630.3607),tensor(234.0357),159.23151235525444,1.79931608559801,West
9,297,tensor(626.9766),tensor(234.6281),161.8502610778731,3.4356259336369663,West
9,298,tensor(624.2676),tensor(234.3979),163.93681346794412,2.7187496601849923,West
9,299,tensor(621.8772),tensor(234.1013),165.53616722164583,2.40870801748645,West
9,300,tensor(619.7830),tensor(234.6259),166.75638664303472,2.158932176119502,West
9,301,tensor(617.7822),tensor(236.6642),168.81156018560705,2.856161327142831,North
9,302,tensor(615.3542),tensor(240.7246),171.97945173395874,4.730936220872142,North
9,303,tensor(612.9671),tensor(246.2462),177.2323524824995,6.015516207089773,North
9,304,tensor(609.6209),tensor(247.9185),179.13781245061207,3.740800947598195,West
9,305,tensor(607.0375),tensor(248.4699),180.3936873631179,2.641635234568799,West
9,306,tensor(604.1268),tensor(250.2597),182.5328469536662,3.41689373988884,West
9,307,tensor(601.7445),tensor(252.3876),184.7479448256972,3.1942493245995993,West
9,308,tensor(599.5894),tensor(254.0335),186.70892838201232,2.711785321996961,West
9,309,tensor(598.0991),tensor(254.9214),187.08722542509335,1.7347146638129178,West
9,310,tensor(595.5375),tensor(255.3386),188.89872169998833,2.5953950882615056,West
9,311,tensor(593.4951),tensor(255.5153),190.77053861289937,2.0499811274311983,West
10,275,tensor(762.8925),tensor(82.0903),2.26811047575105,2.26811047575105,East
10,276,tensor(762.6815),tensor(82.4563),2.690533143307547,0.4224226675564968,North
10,277,tensor(763.0763),tensor(82.5934),3.1085026994317375,0.41796955612419057,East
10,278,tensor(765.4346),tensor(81.5241),5.697868691487961,2.5893659920562233,East
10,279,tensor(767.5437),tensor(81.1034),7.848552487920808,2.1506837964328476,East
10,280,tensor(768.8817),tensor(81.3458),9.208352021846682,1.359799533925874,East
10,281,tensor(769.9333),tensor(80.9298),10.339295047379087,1.1309430255324056,East
10,282,tensor(771.0542),tensor(79.5235),12.137589897248379,1.7982948498692912,South
10,283,tensor(772.4497),tensor(77.9578),14.234972909364128,2.0973830121157495,South
10,284,tensor(774.5314),tensor(76.6483),16.69431794698368,2.4593450376195545,East
10,285,tensor(776.0176),tensor(75.7815),18.414795234869118,1.7204772878854384,East
10,286,tensor(779.4767),tensor(75.8390),21.874317937458493,3.459522702589374,East
10,287,tensor(783.2918),tensor(75.2513),25.734444252545966,3.8601263150874745,East
10,288,tensor(787.2043),tensor(74.5748),29.70502745670168,3.9705832041557128,East
10,289,tensor(790.1693),tensor(73.4369),32.88087348096725,3.175846024265573,East
10,290,tensor(794.7520),tensor(73.5001),37.46395152061274,4.583078039645485,East
10,291,tensor(795.5695),tensor(74.4481),38.71576180802115,1.2518102874084118,North
10,292,tensor(796.7209),tensor(74.3286),39.87343987803741,1.1576780700162597,East
10,293,tensor(798.5704),tensor(74.1522),41.73126035020671,1.8578204721693028,East
10,294,tensor(799.1102),tensor(72.7434),43.23991849287017,1.508658142663456,South
10,295,tensor(799.3403),tensor(72.3529),43.693179648538255,0.45326115566808717,South
10,296,tensor(801.1818),tensor(71.6293),45.671740489366954,1.9785608408286954,East
10,297,tensor(805.5972),tensor(70.4482),50.242320909614,4.5705804202470475,East
10,298,tensor(808.2324),tensor(70.6347),52.88410137081872,2.64178046120472,East
10,299,tensor(810.2078),tensor(70.3869),54.87498433620225,1.9908829653835343,East
10,300,tensor(810.3557),tensor(67.3673),57.8981273712307,3.0231430350284483,South
10,301,tensor(814.3024),tensor(66.5114),61.93659639548558,4.0384690242548835,East
10,302,tensor(816.8423),tensor(65.4937),64.67288012603507,2.736283730549492,East
10,303,tensor(818.7440),tensor(63.4579),67.45865894882135,2.7857788227862845,South
10,304,tensor(821.4821),tensor(61.6162),70.75847225563079,3.299813306809439,East
10,305,tensor(822.0519),tensor(61.7314),71.33981414151027,0.5813418858794811,East
10,306,tensor(822.5884),tensor(62.1185),72.00139304263516,0.6615789011248845,East
11,278,tensor(903.6920),tensor(97.8456),1.4971157895894507,1.4971157895894507,South
11,279,tensor(903.1069),tensor(96.8672),2.6372021002279626,1.140086310638512,South
11,280,tensor(902.5444),tensor(97.2433),3.3138531512700053,0.6766510510420428,West
11,281,tensor(902.4641),tensor(97.0426),3.530135979747812,0.2162828284778063,South
11,282,tensor(902.1270),tensor(98.3776),4.907125997943451,1.3769900181956398,North
11,283,tensor(902.1324),tensor(97.3448),5.940030924661295,1.0329049267178438,South
11,284,tensor(901.3735),tensor(99.2999),8.037295426025738,2.097264501364442,North
11,285,tensor(901.2620),tensor(100.0663),8.811776097985636,0.7744806719598979,North
11,286,tensor(901.5776),tensor(99.9724),9.141116038364748,0.32933994037911213,East
11,287,tensor(901.3214),tensor(99.6506),9.552495803545918,0.41137976518116987,South
11,288,tensor(900.7838),tensor(99.2378),10.230251270059899,0.6777554665139799,West
